geometry,guidance,nFan,seed,status,configHash,leaderLeader,fanOwnCap,fanForeignCap,fanFanSame,fanFanCross,totalCollisions,minLeaderGap,minFanCapGap,minFanFanGap,redRMS,goldRMS,redPeak,goldPeak,stopsRed,stopsGold,steps,firstCollisionRelCPA,runtimeSec
headon,waypoint,1,8,ok,f10d62c73d,0,0,0,0,0,0,3.5299,8.1802,16.3014,2.712,1.9133,6.9381,5.3286,0,0,9635,,3.61
headon,waypoint,1,11,ok,f10d62c73d,0,0,0,0,0,0,3.5299,2.0871,10.5308,2.712,1.9133,6.9381,5.3286,0,0,9635,,3.66
headon,waypoint,1,23,ok,f10d62c73d,0,0,0,0,0,0,3.5299,7.8749,16.6212,2.712,1.9133,6.9381,5.3286,0,0,9635,,3.63
headon,waypoint,1,42,ok,f10d62c73d,0,0,0,0,0,0,3.5299,9.6135,16.4065,2.712,1.9133,6.9381,5.3286,0,0,9635,,3.6
headon,waypoint,1,77,ok,f10d62c73d,0,0,0,0,0,0,3.5299,6.2346,18.2284,2.712,1.9133,6.9381,5.3286,0,0,9635,,3.63
headon,waypoint,1,101,ok,f10d62c73d,0,0,0,0,0,0,3.5299,9.6066,36.3856,2.712,1.9133,6.9381,5.3286,0,0,9635,,3.61
headon,waypoint,1,144,ok,f10d62c73d,0,0,0,0,0,0,3.5299,12.516,38.5633,2.712,1.9133,6.9381,5.3286,0,0,9635,,3.59
headon,waypoint,1,200,ok,f10d62c73d,0,0,0,0,0,0,3.5299,7.9061,13.3469,2.712,1.9133,6.9381,5.3286,0,0,9635,,3.61
headon,waypoint,1,256,ok,f10d62c73d,0,0,0,0,0,0,3.5299,10.2411,25.1067,2.712,1.9133,6.9381,5.3286,0,0,9635,,3.59
headon,waypoint,1,314,ok,f10d62c73d,0,0,0,0,0,0,3.5299,7.1727,19.8338,2.712,1.9133,6.9381,5.3286,0,0,9635,,3.57
headon,waypoint,1,400,ok,f10d62c73d,0,0,0,0,0,0,3.5299,7.158,13.9137,2.712,1.9133,6.9381,5.3286,0,0,9635,,3.58
headon,waypoint,1,512,ok,f10d62c73d,0,0,0,0,0,0,3.5299,1.1357,16.8292,2.712,1.9133,6.9381,5.3286,0,0,9635,,3.58
headon,waypoint,1,613,ok,f10d62c73d,0,0,0,0,0,0,3.5299,9.5627,34.1161,2.712,1.9133,6.9381,5.3286,0,0,9635,,3.66
headon,waypoint,1,700,ok,f10d62c73d,0,0,0,0,0,0,3.5299,2.1026,11.4509,2.712,1.9133,6.9381,5.3286,0,0,9635,,4.4
headon,waypoint,1,808,ok,f10d62c73d,0,0,0,0,0,0,3.5299,8.2596,16.7666,2.712,1.9133,6.9381,5.3286,0,0,9635,,3.59
headon,waypoint,1,900,ok,f10d62c73d,0,0,0,0,0,0,3.5299,6.6978,38.4052,2.712,1.9133,6.9381,5.3286,0,0,9635,,3.62
headon,waypoint,1,1024,ok,f10d62c73d,0,0,0,0,0,0,3.5299,13.6507,21.7464,2.712,1.9133,6.9381,5.3286,0,0,9635,,3.57
headon,waypoint,1,1111,ok,f10d62c73d,0,0,0,0,0,0,3.5299,12.6027,37.152,2.712,1.9133,6.9381,5.3286,0,0,9635,,3.57
headon,waypoint,1,1234,ok,f10d62c73d,0,0,0,0,0,0,3.5299,7.1513,17.0471,2.712,1.9133,6.9381,5.3286,0,0,9635,,3.56
headon,waypoint,1,1337,ok,f10d62c73d,0,0,0,0,0,0,3.5299,4.8693,17.6426,2.712,1.9133,6.9381,5.3286,0,0,9635,,3.56
headon,waypoint,2,8,ok,f10d62c73d,0,0,0,0,0,0,3.5299,13.5798,12.5204,2.712,1.9133,6.9381,5.3286,0,0,9635,,3.64
headon,waypoint,2,11,ok,f10d62c73d,0,0,0,0,0,0,3.5299,8.2555,3.679,2.712,1.9133,6.9381,5.3286,0,0,9635,,3.66
headon,waypoint,2,23,ok,f10d62c73d,0,0,0,0,0,0,3.5299,16.1741,12.443,2.712,1.9133,6.9381,5.3286,0,0,9635,,3.63
headon,waypoint,2,42,ok,f10d62c73d,0,0,0,0,0,0,3.5299,11.7096,12.2548,2.712,1.9133,6.9381,5.3286,0,0,9635,,3.64
headon,waypoint,2,77,ok,f10d62c73d,0,0,0,0,0,0,3.5299,5.666,8.4484,2.712,1.9133,6.9381,5.3286,0,0,9635,,3.67
headon,waypoint,2,101,ok,f10d62c73d,0,0,0,0,0,0,3.5299,1.2723,11.7952,2.712,1.9133,6.9381,5.3286,0,0,9635,,3.7
headon,waypoint,2,144,ok,f10d62c73d,0,0,0,0,0,0,3.5299,11.8899,18.2864,2.712,1.9133,6.9381,5.3286,0,0,9635,,3.64
headon,waypoint,2,200,ok,f10d62c73d,0,0,0,0,0,0,3.5299,3.6458,17.2763,2.712,1.9133,6.9381,5.3286,0,0,9635,,3.62
headon,waypoint,2,256,ok,f10d62c73d,0,0,0,0,0,0,3.5299,10.9572,3.8459,2.712,1.9133,6.9381,5.3286,0,0,9635,,3.62
headon,waypoint,2,314,ok,f10d62c73d,0,0,0,0,0,0,3.5299,4.6192,8.8393,2.712,1.9133,6.9381,5.3286,0,0,9635,,3.62
headon,waypoint,2,400,ok,f10d62c73d,0,0,0,0,0,0,3.5299,11.1411,17.7806,2.712,1.9133,6.9381,5.3286,0,0,9635,,3.62
headon,waypoint,2,512,ok,f10d62c73d,0,0,0,0,0,0,3.5299,10.8448,9.0808,2.712,1.9133,6.9381,5.3286,0,0,9635,,3.62
headon,waypoint,2,613,ok,f10d62c73d,0,0,0,0,0,0,3.5299,10.1949,9.1789,2.712,1.9133,6.9381,5.3286,0,0,9635,,3.63
headon,waypoint,2,700,ok,f10d62c73d,0,0,0,0,0,0,3.5299,5.0865,17.2864,2.712,1.9133,6.9381,5.3286,0,0,9635,,3.65
headon,waypoint,2,808,ok,f10d62c73d,0,0,0,0,0,0,3.5299,11.1336,9.9967,2.712,1.9133,6.9381,5.3286,0,0,9635,,3.68
headon,waypoint,2,900,ok,f10d62c73d,0,0,0,0,0,0,3.5299,8.616,10.0523,2.712,1.9133,6.9381,5.3286,0,0,9635,,3.72
headon,waypoint,2,1024,ok,f10d62c73d,0,0,0,0,0,0,3.5299,8.6042,18.2613,2.712,1.9133,6.9381,5.3286,0,0,9635,,3.64
headon,waypoint,2,1111,ok,f10d62c73d,0,0,0,0,0,0,3.5299,8.2473,9.6074,2.712,1.9133,6.9381,5.3286,0,0,9635,,3.68
headon,waypoint,2,1234,ok,f10d62c73d,0,0,0,0,0,0,3.5299,12.2905,15.5589,2.712,1.9133,6.9381,5.3286,0,0,9635,,3.66
headon,waypoint,2,1337,ok,f10d62c73d,0,0,0,0,0,0,3.5299,6.1047,12.0883,2.712,1.9133,6.9381,5.3286,0,0,9635,,3.65
headon,waypoint,3,8,ok,f10d62c73d,0,0,0,0,0,0,3.5299,15.5776,2.4165,2.712,1.9133,6.9381,5.3286,0,0,9635,,3.62
headon,waypoint,3,11,ok,f10d62c73d,0,0,0,0,0,0,3.5299,9.6962,12.2976,2.712,1.9133,6.9381,5.3286,0,0,9635,,3.65
headon,waypoint,3,23,ok,f10d62c73d,0,0,0,0,0,0,3.5299,8.4476,8.9371,2.712,1.9133,6.9381,5.3286,0,0,9635,,3.63
headon,waypoint,3,42,ok,f10d62c73d,0,0,0,0,0,0,3.5299,8.5247,8.4667,2.712,1.9133,6.9381,5.3286,0,0,9635,,3.64
headon,waypoint,3,77,ok,f10d62c73d,0,0,0,0,0,0,3.5299,3.7407,5.8772,2.712,1.9133,6.9381,5.3286,0,0,9635,,3.66
headon,waypoint,3,101,ok,f10d62c73d,0,0,0,0,0,0,3.5299,12.1988,6.023,2.712,1.9133,6.9381,5.3286,0,0,9635,,3.65
headon,waypoint,3,144,ok,f10d62c73d,0,0,0,0,0,0,3.5299,7.809,7.2448,2.712,1.9133,6.9381,5.3286,0,0,9635,,3.72
headon,waypoint,3,200,ok,f10d62c73d,0,0,0,0,0,0,3.5299,4.4023,5.0627,2.712,1.9133,6.9381,5.3286,0,0,9635,,3.66
headon,waypoint,3,256,ok,f10d62c73d,0,0,0,0,0,0,3.5299,5.3106,7.901,2.712,1.9133,6.9381,5.3286,0,0,9635,,3.71
headon,waypoint,3,314,ok,f10d62c73d,0,0,0,0,0,0,3.5299,5.595,12.9405,2.712,1.9133,6.9381,5.3286,0,0,9635,,3.63
headon,waypoint,3,400,ok,f10d62c73d,0,0,0,0,0,0,3.5299,12.236,5.2296,2.712,1.9133,6.9381,5.3286,0,0,9635,,3.64
headon,waypoint,3,512,ok,f10d62c73d,0,0,0,0,0,0,3.5299,12.7047,4.2117,2.712,1.9133,6.9381,5.3286,0,0,9635,,3.63
headon,waypoint,3,613,ok,f10d62c73d,0,0,0,0,0,0,3.5299,12.0948,11.9114,2.712,1.9133,6.9381,5.3286,0,0,9635,,3.64
headon,waypoint,3,700,ok,f10d62c73d,0,0,0,0,0,0,3.5299,6.3589,5.9349,2.712,1.9133,6.9381,5.3286,0,0,9635,,3.65
headon,waypoint,3,808,ok,f10d62c73d,0,0,0,0,0,0,3.5299,4.5941,11.5619,2.712,1.9133,6.9381,5.3286,0,0,9635,,3.66
headon,waypoint,3,900,ok,f10d62c73d,0,0,1,0,0,1,3.5299,0.3346,6.8786,2.712,1.9133,6.9381,5.3286,0,0,9635,34.0,3.63
headon,waypoint,3,1024,ok,f10d62c73d,0,0,0,0,0,0,3.5299,13.5259,5.4966,2.712,1.9133,6.9381,5.3286,0,0,9635,,3.6
headon,waypoint,3,1111,ok,f10d62c73d,0,0,0,0,0,0,3.5299,3.3399,10.5108,2.712,1.9133,6.9381,5.3286,0,0,9635,,3.62
headon,waypoint,3,1234,ok,f10d62c73d,0,0,0,0,0,0,3.5299,11.199,5.566,2.712,1.9133,6.9381,5.3286,0,0,9635,,3.62
headon,waypoint,3,1337,ok,f10d62c73d,0,0,0,0,0,0,3.5299,11.6098,1.9678,2.712,1.9133,6.9381,5.3286,0,0,9635,,3.6
headon,waypoint,4,8,ok,f10d62c73d,0,0,0,0,0,0,3.5299,5.5499,13.4448,2.712,1.9133,6.9381,5.3286,0,0,9635,,3.65
headon,waypoint,4,11,ok,f10d62c73d,0,0,0,0,0,0,3.5299,9.5589,4.7579,2.712,1.9133,6.9381,5.3286,0,0,9635,,3.64
headon,waypoint,4,23,ok,f10d62c73d,0,0,0,0,0,0,3.5299,8.5912,1.7129,2.712,1.9133,6.9381,5.3286,0,0,9635,,3.69
headon,waypoint,4,42,ok,f10d62c73d,0,0,0,0,0,0,3.5299,3.4316,9.9252,2.712,1.9133,6.9381,5.3286,0,0,9635,,3.68
headon,waypoint,4,77,ok,f10d62c73d,0,0,0,0,0,0,3.5299,10.1072,15.1487,2.712,1.9133,6.9381,5.3286,0,0,9635,,3.69
headon,waypoint,4,101,ok,f10d62c73d,0,0,0,0,0,0,3.5299,3.3106,8.136,2.712,1.9133,6.9381,5.3286,0,0,9635,,3.65
headon,waypoint,4,144,ok,f10d62c73d,0,0,0,0,0,0,3.5299,3.3105,2.8972,2.712,1.9133,6.9381,5.3286,0,0,9635,,3.64
headon,waypoint,4,200,ok,f10d62c73d,0,0,0,0,0,0,3.5299,12.0302,3.4898,2.712,1.9133,6.9381,5.3286,0,0,9635,,3.72
headon,waypoint,4,256,ok,f10d62c73d,0,0,0,0,0,0,3.5299,12.3447,9.7107,2.712,1.9133,6.9381,5.3286,0,0,9635,,3.67
headon,waypoint,4,314,ok,f10d62c73d,0,0,0,0,0,0,3.5299,7.4134,6.8355,2.712,1.9133,6.9381,5.3286,0,0,9635,,3.65
headon,waypoint,4,400,ok,f10d62c73d,0,0,0,0,0,0,3.5299,11.6108,11.7551,2.712,1.9133,6.9381,5.3286,0,0,9635,,3.65
headon,waypoint,4,512,ok,f10d62c73d,0,0,0,0,0,0,3.5299,7.0602,6.6195,2.712,1.9133,6.9381,5.3286,0,0,9635,,3.67
headon,waypoint,4,613,ok,f10d62c73d,0,0,0,0,0,0,3.5299,12.7316,3.4956,2.712,1.9133,6.9381,5.3286,0,0,9635,,3.66
headon,waypoint,4,700,ok,f10d62c73d,0,0,0,0,0,0,3.5299,10.6252,2.6636,2.712,1.9133,6.9381,5.3286,0,0,9635,,3.64
headon,waypoint,4,808,ok,f10d62c73d,0,0,0,0,0,0,3.5299,9.4909,8.4208,2.712,1.9133,6.9381,5.3286,0,0,9635,,3.65
headon,waypoint,4,900,ok,f10d62c73d,0,0,0,0,0,0,3.5299,6.9714,8.6377,2.712,1.9133,6.9381,5.3286,0,0,9635,,3.69
headon,waypoint,4,1024,ok,f10d62c73d,0,0,0,0,0,0,3.5299,3.5751,9.0547,2.712,1.9133,6.9381,5.3286,0,0,9635,,3.72
headon,waypoint,4,1111,ok,f10d62c73d,0,0,0,0,0,0,3.5299,8.4857,14.6569,2.712,1.9133,6.9381,5.3286,0,0,9635,,3.76
headon,waypoint,4,1234,ok,f10d62c73d,0,0,0,0,0,0,3.5299,7.8801,7.0948,2.712,1.9133,6.9381,5.3286,0,0,9635,,3.73
headon,waypoint,4,1337,ok,f10d62c73d,0,0,0,0,0,0,3.5299,9.3667,4.1566,2.712,1.9133,6.9381,5.3286,0,0,9635,,3.7
headon,waypoint,6,8,ok,f10d62c73d,0,0,0,0,0,0,3.5299,10.9176,5.4517,2.712,1.9133,6.9381,5.3286,0,0,9635,,3.77
headon,waypoint,6,11,ok,f10d62c73d,0,0,0,0,0,0,3.5299,2.5635,5.8572,2.712,1.9133,6.9381,5.3286,0,0,9635,,3.76
headon,waypoint,6,23,ok,f10d62c73d,0,0,0,0,0,0,3.5299,5.5144,8.496,2.712,1.9133,6.9381,5.3286,0,0,9635,,3.78
headon,waypoint,6,42,ok,f10d62c73d,0,0,0,1,0,1,3.5299,10.0563,0.8515,2.712,1.9133,6.9381,5.3286,0,0,9635,-21.08,3.8
headon,waypoint,6,77,ok,f10d62c73d,0,0,0,1,0,1,3.5299,1.1031,0.7927,2.712,1.9133,6.9381,5.3286,0,0,9635,21.64,3.75
headon,waypoint,6,101,ok,f10d62c73d,0,0,0,0,0,0,3.5299,5.3289,7.1177,2.712,1.9133,6.9381,5.3286,0,0,9635,,3.76
headon,waypoint,6,144,ok,f10d62c73d,0,0,0,0,0,0,3.5299,3.1194,4.5427,2.712,1.9133,6.9381,5.3286,0,0,9635,,3.75
headon,waypoint,6,200,ok,f10d62c73d,0,0,0,0,0,0,3.5299,2.4492,8.0876,2.712,1.9133,6.9381,5.3286,0,0,9635,,3.77
headon,waypoint,6,256,ok,f10d62c73d,0,0,0,0,0,0,3.5299,11.3724,6.866,2.712,1.9133,6.9381,5.3286,0,0,9635,,3.75
headon,waypoint,6,314,ok,f10d62c73d,0,0,0,0,0,0,3.5299,9.8725,3.606,2.712,1.9133,6.9381,5.3286,0,0,9635,,3.73
headon,waypoint,6,400,ok,f10d62c73d,0,0,0,0,0,0,3.5299,5.5226,6.1637,2.712,1.9133,6.9381,5.3286,0,0,9635,,3.74
headon,waypoint,6,512,ok,f10d62c73d,0,0,0,0,0,0,3.5299,4.319,11.1903,2.712,1.9133,6.9381,5.3286,0,0,9635,,3.78
headon,waypoint,6,613,ok,f10d62c73d,0,0,0,0,0,0,3.5299,11.2462,4.1848,2.712,1.9133,6.9381,5.3286,0,0,9635,,3.78
headon,waypoint,6,700,ok,f10d62c73d,0,0,0,0,0,0,3.5299,2.9042,3.1668,2.712,1.9133,6.9381,5.3286,0,0,9635,,3.77
headon,waypoint,6,808,ok,f10d62c73d,0,0,0,0,0,0,3.5299,4.8627,7.8963,2.712,1.9133,6.9381,5.3286,0,0,9635,,4.01
headon,waypoint,6,900,ok,f10d62c73d,0,0,0,0,0,0,3.5299,2.9412,7.6404,2.712,1.9133,6.9381,5.3286,0,0,9635,,3.79
headon,waypoint,6,1024,ok,f10d62c73d,0,0,0,0,0,0,3.5299,6.6258,6.2456,2.712,1.9133,6.9381,5.3286,0,0,9635,,3.74
headon,waypoint,6,1111,ok,f10d62c73d,0,0,0,0,0,0,3.5299,8.7176,6.8609,2.712,1.9133,6.9381,5.3286,0,0,9635,,3.76
headon,waypoint,6,1234,ok,f10d62c73d,0,0,0,0,0,0,3.5299,7.4917,4.0523,2.712,1.9133,6.9381,5.3286,0,0,9635,,3.74
headon,waypoint,6,1337,ok,f10d62c73d,0,0,1,0,0,1,3.5299,0.8903,8.6278,2.712,1.9133,6.9381,5.3286,0,0,9635,22.56,3.75
headon,waypoint,8,8,ok,f10d62c73d,0,0,0,0,0,0,3.5299,10.7078,8.1305,2.712,1.9133,6.9381,5.3286,0,0,9635,,3.86
headon,waypoint,8,11,ok,f10d62c73d,0,0,0,0,0,0,3.5299,12.2237,6.1531,2.712,1.9133,6.9381,5.3286,0,0,9635,,3.88
headon,waypoint,8,23,ok,f10d62c73d,0,0,0,0,0,0,3.5299,7.5531,8.7452,2.712,1.9133,6.9381,5.3286,0,0,9635,,3.83
headon,waypoint,8,42,ok,f10d62c73d,0,0,0,0,0,0,3.5299,7.3912,4.397,2.712,1.9133,6.9381,5.3286,0,0,9635,,3.81
headon,waypoint,8,77,ok,f10d62c73d,0,0,0,0,0,0,3.5299,3.94,4.6043,2.712,1.9133,6.9381,5.3286,0,0,9635,,3.86
headon,waypoint,8,101,ok,f10d62c73d,0,0,0,0,0,0,3.5299,10.0508,3.7765,2.712,1.9133,6.9381,5.3286,0,0,9635,,3.81
headon,waypoint,8,144,ok,f10d62c73d,0,0,0,0,0,0,3.5299,3.5477,5.2504,2.712,1.9133,6.9381,5.3286,0,0,9635,,3.81
headon,waypoint,8,200,ok,f10d62c73d,0,0,0,0,0,0,3.5299,3.2834,5.3355,2.712,1.9133,6.9381,5.3286,0,0,9635,,3.81
headon,waypoint,8,256,ok,f10d62c73d,0,0,0,0,0,0,3.5299,7.4108,6.0917,2.712,1.9133,6.9381,5.3286,0,0,9635,,3.84
headon,waypoint,8,314,ok,f10d62c73d,0,0,0,0,0,0,3.5299,7.053,2.1982,2.712,1.9133,6.9381,5.3286,0,0,9635,,3.83
headon,waypoint,8,400,ok,f10d62c73d,0,0,0,0,0,0,3.5299,4.8139,6.2957,2.712,1.9133,6.9381,5.3286,0,0,9635,,3.81
headon,waypoint,8,512,ok,f10d62c73d,0,0,0,0,0,0,3.5299,9.8091,6.3793,2.712,1.9133,6.9381,5.3286,0,0,9635,,3.84
headon,waypoint,8,613,ok,f10d62c73d,0,0,0,0,0,0,3.5299,8.0098,6.3073,2.712,1.9133,6.9381,5.3286,0,0,9635,,3.82
headon,waypoint,8,700,ok,f10d62c73d,0,0,0,0,0,0,3.5299,10.9339,5.2458,2.712,1.9133,6.9381,5.3286,0,0,9635,,3.96
headon,waypoint,8,808,ok,f10d62c73d,0,0,0,0,0,0,3.5299,3.0815,4.7104,2.712,1.9133,6.9381,5.3286,0,0,9635,,3.84
headon,waypoint,8,900,ok,f10d62c73d,0,0,0,1,0,1,3.5299,8.6721,0.3747,2.712,1.9133,6.9381,5.3286,0,0,9635,-23.11,3.82
headon,waypoint,8,1024,ok,f10d62c73d,0,0,0,0,0,0,3.5299,6.0988,3.8444,2.712,1.9133,6.9381,5.3286,0,0,9635,,3.83
headon,waypoint,8,1111,ok,f10d62c73d,0,0,0,0,0,0,3.5299,3.7028,2.33,2.712,1.9133,6.9381,5.3286,0,0,9635,,3.84
headon,waypoint,8,1234,ok,f10d62c73d,0,0,0,0,0,0,3.5299,9.3688,8.6754,2.712,1.9133,6.9381,5.3286,0,0,9635,,3.87
headon,waypoint,8,1337,ok,f10d62c73d,0,0,0,0,0,0,3.5299,5.3327,4.6449,2.712,1.9133,6.9381,5.3286,0,0,9635,,3.82
headon,waypoint,12,8,ok,f10d62c73d,0,0,0,1,0,1,3.5299,1.1664,0.5195,2.712,1.9133,6.9381,5.3286,0,0,9635,22.77,4.05
headon,waypoint,12,11,ok,f10d62c73d,0,0,0,0,0,0,3.5299,1.3665,2.5819,2.712,1.9133,6.9381,5.3286,0,0,9635,,4.06
headon,waypoint,12,23,ok,f10d62c73d,0,0,0,1,0,1,3.5299,9.6634,0.3077,2.712,1.9133,6.9381,5.3286,0,0,9635,-13.27,4.08
headon,waypoint,12,42,ok,f10d62c73d,0,0,0,0,0,0,3.5299,9.1455,8.7577,2.712,1.9133,6.9381,5.3286,0,0,9635,,4.09
headon,waypoint,12,77,ok,f10d62c73d,0,0,0,0,0,0,3.5299,11.5754,4.4605,2.712,1.9133,6.9381,5.3286,0,0,9635,,4.06
headon,waypoint,12,101,ok,f10d62c73d,0,0,0,0,0,0,3.5299,1.2731,8.5965,2.712,1.9133,6.9381,5.3286,0,0,9635,,4.06
headon,waypoint,12,144,ok,f10d62c73d,0,0,0,0,0,0,3.5299,7.0818,4.5634,2.712,1.9133,6.9381,5.3286,0,0,9635,,4.06
headon,waypoint,12,200,ok,f10d62c73d,0,0,1,0,0,1,3.5299,0.3819,5.7959,2.712,1.9133,6.9381,5.3286,0,0,9635,35.78,4.06
headon,waypoint,12,256,ok,f10d62c73d,0,0,0,0,0,0,3.5299,2.0533,5.2787,2.712,1.9133,6.9381,5.3286,0,0,9635,,4.06
headon,waypoint,12,314,ok,f10d62c73d,0,0,0,0,0,0,3.5299,6.0722,4.6614,2.712,1.9133,6.9381,5.3286,0,0,9635,,4.08
headon,waypoint,12,400,ok,f10d62c73d,0,0,0,0,0,0,3.5299,1.5308,9.0447,2.712,1.9133,6.9381,5.3286,0,0,9635,,4.06
headon,waypoint,12,512,ok,f10d62c73d,0,0,0,0,0,0,3.5299,11.6637,1.0789,2.712,1.9133,6.9381,5.3286,0,0,9635,,4.08
headon,waypoint,12,613,ok,f10d62c73d,0,0,0,0,0,0,3.5299,10.9409,1.3964,2.712,1.9133,6.9381,5.3286,0,0,9635,,4.05
headon,waypoint,12,700,ok,f10d62c73d,0,0,0,0,0,0,3.5299,6.8469,9.7224,2.712,1.9133,6.9381,5.3286,0,0,9635,,4.09
headon,waypoint,12,808,ok,f10d62c73d,0,0,0,0,0,0,3.5299,9.2885,1.2485,2.712,1.9133,6.9381,5.3286,0,0,9635,,4.28
headon,waypoint,12,900,ok,f10d62c73d,0,0,0,0,0,0,3.5299,9.0125,3.3461,2.712,1.9133,6.9381,5.3286,0,0,9635,,4.09
headon,waypoint,12,1024,ok,f10d62c73d,0,0,0,0,0,0,3.5299,8.098,2.6478,2.712,1.9133,6.9381,5.3286,0,0,9635,,4.28
headon,waypoint,12,1111,ok,f10d62c73d,0,0,0,0,0,0,3.5299,6.2439,6.7335,2.712,1.9133,6.9381,5.3286,0,0,9635,,4.07
headon,waypoint,12,1234,ok,f10d62c73d,0,0,0,0,0,0,3.5299,6.7703,2.1442,2.712,1.9133,6.9381,5.3286,0,0,9635,,4.06
headon,waypoint,12,1337,ok,f10d62c73d,0,0,0,0,0,0,3.5299,9.2376,1.8676,2.712,1.9133,6.9381,5.3286,0,0,9635,,4.06
headon,vfield,1,8,ok,f10d62c73d,0,0,0,0,0,0,2.7258,8.73,13.5216,2.0438,1.555,6.2092,5.0072,0,0,8450,,3.42
headon,vfield,1,11,ok,f10d62c73d,0,0,0,0,0,0,2.7258,7.4081,27.271,2.0438,1.555,6.2092,5.0072,0,0,8450,,3.41
headon,vfield,1,23,ok,f10d62c73d,0,0,0,0,0,0,2.7258,17.9041,11.1115,2.0438,1.555,6.2092,5.0072,0,0,8450,,3.44
headon,vfield,1,42,ok,f10d62c73d,0,0,0,0,0,0,2.7258,14.5809,28.7675,2.0438,1.555,6.2092,5.0072,0,0,8450,,3.44
headon,vfield,1,77,ok,f10d62c73d,0,0,0,0,0,0,2.7258,11.4351,13.1179,2.0438,1.555,6.2092,5.0072,0,0,8450,,3.43
headon,vfield,1,101,ok,f10d62c73d,0,0,0,0,0,0,2.7258,5.5683,19.0466,2.0438,1.555,6.2092,5.0072,0,0,8450,,3.46
headon,vfield,1,144,ok,f10d62c73d,0,0,0,0,0,0,2.7258,5.1712,23.0166,2.0438,1.555,6.2092,5.0072,0,0,8450,,3.45
headon,vfield,1,200,ok,f10d62c73d,0,0,0,0,0,0,2.7258,14.7073,17.6002,2.0438,1.555,6.2092,5.0072,0,0,8450,,3.42
headon,vfield,1,256,ok,f10d62c73d,0,0,0,0,0,0,2.7258,7.8532,35.2865,2.0438,1.555,6.2092,5.0072,0,0,8450,,3.43
headon,vfield,1,314,ok,f10d62c73d,0,0,0,0,0,0,2.7258,11.5345,10.6086,2.0438,1.555,6.2092,5.0072,0,0,8450,,3.43
headon,vfield,1,400,ok,f10d62c73d,0,0,0,0,0,0,2.7258,19.2567,13.2676,2.0438,1.555,6.2092,5.0072,0,0,8450,,3.43
headon,vfield,1,512,ok,f10d62c73d,0,0,0,0,0,0,2.7258,6.9426,26.5937,2.0438,1.555,6.2092,5.0072,0,0,8450,,3.42
headon,vfield,1,613,ok,f10d62c73d,0,0,0,0,0,0,2.7258,6.3621,17.02,2.0438,1.555,6.2092,5.0072,0,0,8450,,3.46
headon,vfield,1,700,ok,f10d62c73d,0,0,0,0,0,0,2.7258,6.1552,30.6282,2.0438,1.555,6.2092,5.0072,0,0,8450,,3.45
headon,vfield,1,808,ok,f10d62c73d,0,0,0,0,0,0,2.7258,13.0411,18.1642,2.0438,1.555,6.2092,5.0072,0,0,8450,,3.47
headon,vfield,1,900,ok,f10d62c73d,0,0,0,0,0,0,2.7258,15.7922,13.303,2.0438,1.555,6.2092,5.0072,0,0,8450,,3.45
headon,vfield,1,1024,ok,f10d62c73d,0,0,0,0,0,0,2.7258,9.4733,18.3499,2.0438,1.555,6.2092,5.0072,0,0,8450,,3.43
headon,vfield,1,1111,ok,f10d62c73d,0,0,0,0,0,0,2.7258,4.8057,22.7648,2.0438,1.555,6.2092,5.0072,0,0,8450,,3.45
headon,vfield,1,1234,ok,f10d62c73d,0,0,0,0,0,0,2.7258,6.5275,27.2612,2.0438,1.555,6.2092,5.0072,0,0,8450,,3.42
headon,vfield,1,1337,ok,f10d62c73d,0,0,0,0,0,0,2.7258,13.2437,18.1048,2.0438,1.555,6.2092,5.0072,0,0,8450,,3.43
headon,vfield,2,8,ok,f10d62c73d,0,0,0,0,0,0,2.7258,13.2656,19.825,2.0438,1.555,6.2092,5.0072,0,0,8450,,3.46
headon,vfield,2,11,ok,f10d62c73d,0,0,0,0,0,0,2.7258,9.2052,17.1058,2.0438,1.555,6.2092,5.0072,0,0,8450,,3.48
headon,vfield,2,23,ok,f10d62c73d,0,0,0,0,0,0,2.7258,9.5482,16.5776,2.0438,1.555,6.2092,5.0072,0,0,8450,,3.46
headon,vfield,2,42,ok,f10d62c73d,0,0,0,0,0,0,2.7258,8.2379,16.8415,2.0438,1.555,6.2092,5.0072,0,0,8450,,3.51
headon,vfield,2,77,ok,f10d62c73d,0,0,0,0,0,0,2.7258,15.4059,11.4914,2.0438,1.555,6.2092,5.0072,0,0,8450,,3.51
headon,vfield,2,101,ok,f10d62c73d,0,0,0,0,0,0,2.7258,5.0257,16.0506,2.0438,1.555,6.2092,5.0072,0,0,8450,,3.47
headon,vfield,2,144,ok,f10d62c73d,0,0,0,0,0,0,2.7258,8.8413,17.3265,2.0438,1.555,6.2092,5.0072,0,0,8450,,3.47
headon,vfield,2,200,ok,f10d62c73d,0,0,0,0,0,0,2.7258,6.4463,14.0272,2.0438,1.555,6.2092,5.0072,0,0,8450,,3.46
headon,vfield,2,256,ok,f10d62c73d,0,0,0,0,0,0,2.7258,7.3078,9.9102,2.0438,1.555,6.2092,5.0072,0,0,8450,,3.46
headon,vfield,2,314,ok,f10d62c73d,0,0,0,0,0,0,2.7258,8.475,9.5,2.0438,1.555,6.2092,5.0072,0,0,8450,,3.44
headon,vfield,2,400,ok,f10d62c73d,0,0,0,0,0,0,2.7258,15.4727,17.0946,2.0438,1.555,6.2092,5.0072,0,0,8450,,3.49
headon,vfield,2,512,ok,f10d62c73d,0,0,0,0,0,0,2.7258,12.3148,9.5043,2.0438,1.555,6.2092,5.0072,0,0,8450,,3.45
headon,vfield,2,613,ok,f10d62c73d,0,0,0,0,0,0,2.7258,8.4054,9.144,2.0438,1.555,6.2092,5.0072,0,0,8450,,3.45
headon,vfield,2,700,ok,f10d62c73d,0,0,0,0,0,0,2.7258,8.2373,16.2721,2.0438,1.555,6.2092,5.0072,0,0,8450,,3.46
headon,vfield,2,808,ok,f10d62c73d,0,0,0,0,0,0,2.7258,7.804,9.8679,2.0438,1.555,6.2092,5.0072,0,0,8450,,3.48
headon,vfield,2,900,ok,f10d62c73d,0,0,0,0,0,0,2.7258,14.1669,9.9366,2.0438,1.555,6.2092,5.0072,0,0,8450,,3.73
headon,vfield,2,1024,ok,f10d62c73d,0,0,0,0,0,0,2.7258,12.9728,16.5781,2.0438,1.555,6.2092,5.0072,0,0,8450,,3.45
headon,vfield,2,1111,ok,f10d62c73d,0,0,0,0,0,0,2.7258,8.2473,11.1801,2.0438,1.555,6.2092,5.0072,0,0,8450,,3.45
headon,vfield,2,1234,ok,f10d62c73d,0,0,0,0,0,0,2.7258,9.8887,10.8183,2.0438,1.555,6.2092,5.0072,0,0,8450,,3.44
headon,vfield,2,1337,ok,f10d62c73d,0,0,0,0,0,0,2.7258,7.908,8.3364,2.0438,1.555,6.2092,5.0072,0,0,8450,,3.46
headon,vfield,3,8,ok,f10d62c73d,0,0,0,0,0,0,2.7258,15.0639,8.8116,2.0438,1.555,6.2092,5.0072,0,0,8450,,3.53
headon,vfield,3,11,ok,f10d62c73d,0,0,0,0,0,0,2.7258,2.6923,3.7141,2.0438,1.555,6.2092,5.0072,0,0,8450,,3.51
headon,vfield,3,23,ok,f10d62c73d,0,0,0,0,0,0,2.7258,1.9482,9.2261,2.0438,1.555,6.2092,5.0072,0,0,8450,,3.52
headon,vfield,3,42,ok,f10d62c73d,0,0,0,0,0,0,2.7258,5.4149,10.4423,2.0438,1.555,6.2092,5.0072,0,0,8450,,3.52
headon,vfield,3,77,ok,f10d62c73d,0,0,0,0,0,0,2.7258,5.9713,10.8322,2.0438,1.555,6.2092,5.0072,0,0,8450,,3.52
headon,vfield,3,101,ok,f10d62c73d,0,0,0,0,0,0,2.7258,9.3155,11.2353,2.0438,1.555,6.2092,5.0072,0,0,8450,,3.51
headon,vfield,3,144,ok,f10d62c73d,0,0,0,0,0,0,2.7258,11.0276,6.0867,2.0438,1.555,6.2092,5.0072,0,0,8450,,3.49
headon,vfield,3,200,ok,f10d62c73d,0,0,0,0,0,0,2.7258,12.9185,17.2509,2.0438,1.555,6.2092,5.0072,0,0,8450,,3.51
headon,vfield,3,256,ok,f10d62c73d,0,0,0,0,0,0,2.7258,11.1114,9.2653,2.0438,1.555,6.2092,5.0072,0,0,8450,,3.56
headon,vfield,3,314,ok,f10d62c73d,0,0,0,0,0,0,2.7258,6.6396,6.9079,2.0438,1.555,6.2092,5.0072,0,0,8450,,3.56
headon,vfield,3,400,ok,f10d62c73d,0,0,0,0,0,0,2.7258,5.1392,11.7173,2.0438,1.555,6.2092,5.0072,0,0,8450,,3.55
headon,vfield,3,512,ok,f10d62c73d,0,0,0,0,0,0,2.7258,8.8187,6.8208,2.0438,1.555,6.2092,5.0072,0,0,8450,,3.55
headon,vfield,3,613,ok,f10d62c73d,0,0,0,0,0,0,2.7258,10.4613,4.5495,2.0438,1.555,6.2092,5.0072,0,0,8450,,3.52
headon,vfield,3,700,ok,f10d62c73d,0,0,0,0,0,0,2.7258,12.6224,8.2636,2.0438,1.555,6.2092,5.0072,0,0,8450,,3.58
headon,vfield,3,808,ok,f10d62c73d,0,0,0,0,0,0,2.7258,6.3275,13.0255,2.0438,1.555,6.2092,5.0072,0,0,8450,,3.54
headon,vfield,3,900,ok,f10d62c73d,0,0,0,0,0,0,2.7258,1.641,15.0938,2.0438,1.555,6.2092,5.0072,0,0,8450,,3.56
headon,vfield,3,1024,ok,f10d62c73d,0,0,0,0,0,0,2.7258,3.0301,11.3761,2.0438,1.555,6.2092,5.0072,0,0,8450,,3.53
headon,vfield,3,1111,ok,f10d62c73d,0,0,0,0,0,0,2.7258,12.1986,11.7276,2.0438,1.555,6.2092,5.0072,0,0,8450,,3.54
headon,vfield,3,1234,ok,f10d62c73d,0,0,0,0,0,0,2.7258,10.0942,6.5187,2.0438,1.555,6.2092,5.0072,0,0,8450,,3.55
headon,vfield,3,1337,ok,f10d62c73d,0,0,0,0,0,0,2.7258,8.3231,9.009,2.0438,1.555,6.2092,5.0072,0,0,8450,,3.51
headon,vfield,4,8,ok,f10d62c73d,0,0,0,0,0,0,2.7258,6.8117,12.3402,2.0438,1.555,6.2092,5.0072,0,0,8450,,3.51
headon,vfield,4,11,ok,f10d62c73d,0,0,0,0,0,0,2.7258,9.5589,5.2227,2.0438,1.555,6.2092,5.0072,0,0,8450,,3.52
headon,vfield,4,23,ok,f10d62c73d,0,0,0,0,0,0,2.7258,8.5912,1.7104,2.0438,1.555,6.2092,5.0072,0,0,8450,,3.5
headon,vfield,4,42,ok,f10d62c73d,0,0,0,0,0,0,2.7258,10.4641,9.289,2.0438,1.555,6.2092,5.0072,0,0,8450,,3.5
headon,vfield,4,77,ok,f10d62c73d,0,0,0,0,0,0,2.7258,1.3686,12.9291,2.0438,1.555,6.2092,5.0072,0,0,8450,,3.51
headon,vfield,4,101,ok,f10d62c73d,0,0,0,0,0,0,2.7258,8.3096,8.8105,2.0438,1.555,6.2092,5.0072,0,0,8450,,3.59
headon,vfield,4,144,ok,f10d62c73d,0,0,0,0,0,0,2.7258,6.1019,13.3144,2.0438,1.555,6.2092,5.0072,0,0,8450,,3.54
headon,vfield,4,200,ok,f10d62c73d,0,0,0,0,0,0,2.7258,12.419,12.4017,2.0438,1.555,6.2092,5.0072,0,0,8450,,3.51
headon,vfield,4,256,ok,f10d62c73d,0,0,0,0,0,0,2.7258,13.1888,10.3481,2.0438,1.555,6.2092,5.0072,0,0,8450,,3.51
headon,vfield,4,314,ok,f10d62c73d,0,0,0,0,0,0,2.7258,5.6736,10.7724,2.0438,1.555,6.2092,5.0072,0,0,8450,,3.53
headon,vfield,4,400,ok,f10d62c73d,0,0,0,0,0,0,2.7258,6.3297,5.6211,2.0438,1.555,6.2092,5.0072,0,0,8450,,3.51
headon,vfield,4,512,ok,f10d62c73d,0,0,0,0,0,0,2.7258,7.2448,3.1196,2.0438,1.555,6.2092,5.0072,0,0,8450,,3.52
headon,vfield,4,613,ok,f10d62c73d,0,0,0,0,0,0,2.7258,12.7144,8.4939,2.0438,1.555,6.2092,5.0072,0,0,8450,,3.53
headon,vfield,4,700,ok,f10d62c73d,0,0,0,0,0,0,2.7258,11.3461,4.8613,2.0438,1.555,6.2092,5.0072,0,0,8450,,3.62
headon,vfield,4,808,ok,f10d62c73d,0,0,0,0,0,0,2.7258,10.6674,11.9431,2.0438,1.555,6.2092,5.0072,0,0,8450,,3.58
headon,vfield,4,900,ok,f10d62c73d,0,0,0,0,0,0,2.7258,8.184,10.6998,2.0438,1.555,6.2092,5.0072,0,0,8450,,3.55
headon,vfield,4,1024,ok,f10d62c73d,0,0,0,0,0,0,2.7258,11.7457,9.8283,2.0438,1.555,6.2092,5.0072,0,0,8450,,3.53
headon,vfield,4,1111,ok,f10d62c73d,0,0,0,0,0,0,2.7258,8.0071,6.5216,2.0438,1.555,6.2092,5.0072,0,0,8450,,3.5
headon,vfield,4,1234,ok,f10d62c73d,0,0,0,0,0,0,2.7258,10.9334,7.157,2.0438,1.555,6.2092,5.0072,0,0,8450,,3.52
headon,vfield,4,1337,ok,f10d62c73d,0,0,0,0,0,0,2.7258,3.2469,4.1579,2.0438,1.555,6.2092,5.0072,0,0,8450,,3.5
headon,vfield,6,8,ok,f10d62c73d,0,0,0,0,0,0,2.7258,7.1195,2.8032,2.0438,1.555,6.2092,5.0072,0,0,8450,,3.59
headon,vfield,6,11,ok,f10d62c73d,0,0,0,0,0,0,2.7258,6.3908,5.1923,2.0438,1.555,6.2092,5.0072,0,0,8450,,3.56
headon,vfield,6,23,ok,f10d62c73d,0,0,0,0,0,0,2.7258,7.2792,9.2329,2.0438,1.555,6.2092,5.0072,0,0,8450,,3.61
headon,vfield,6,42,ok,f10d62c73d,0,0,0,1,0,1,2.7258,10.6163,0.7434,2.0438,1.555,6.2092,5.0072,0,0,8450,-21.39,3.58
headon,vfield,6,77,ok,f10d62c73d,0,0,0,0,0,0,2.7258,7.3018,8.3304,2.0438,1.555,6.2092,5.0072,0,0,8450,,3.61
headon,vfield,6,101,ok,f10d62c73d,0,0,0,0,0,0,2.7258,6.2281,4.9919,2.0438,1.555,6.2092,5.0072,0,0,8450,,3.58
headon,vfield,6,144,ok,f10d62c73d,0,0,0,0,0,0,2.7258,11.7714,4.9926,2.0438,1.555,6.2092,5.0072,0,0,8450,,3.59
headon,vfield,6,200,ok,f10d62c73d,0,0,0,0,0,0,2.7258,7.521,9.9863,2.0438,1.555,6.2092,5.0072,0,0,8450,,3.56
headon,vfield,6,256,ok,f10d62c73d,0,0,0,0,0,0,2.7258,5.6919,5.8415,2.0438,1.555,6.2092,5.0072,0,0,8450,,3.64
headon,vfield,6,314,ok,f10d62c73d,0,0,0,0,0,0,2.7258,10.8967,10.4458,2.0438,1.555,6.2092,5.0072,0,0,8450,,3.59
headon,vfield,6,400,ok,f10d62c73d,0,0,0,0,0,0,2.7258,8.4512,9.1082,2.0438,1.555,6.2092,5.0072,0,0,8450,,3.59
headon,vfield,6,512,ok,f10d62c73d,0,0,0,0,0,0,2.7258,6.0181,7.4905,2.0438,1.555,6.2092,5.0072,0,0,8450,,3.59
headon,vfield,6,613,ok,f10d62c73d,0,0,0,0,0,0,2.7258,1.5165,4.1885,2.0438,1.555,6.2092,5.0072,0,0,8450,,3.59
headon,vfield,6,700,ok,f10d62c73d,0,0,0,0,0,0,2.7258,1.5229,10.3999,2.0438,1.555,6.2092,5.0072,0,0,8450,,3.64
headon,vfield,6,808,ok,f10d62c73d,0,0,0,0,0,0,2.7258,10.7708,8.3778,2.0438,1.555,6.2092,5.0072,0,0,8450,,3.63
headon,vfield,6,900,ok,f10d62c73d,0,0,0,0,0,0,2.7258,10.7279,7.3882,2.0438,1.555,6.2092,5.0072,0,0,8450,,3.58
headon,vfield,6,1024,ok,f10d62c73d,0,0,0,0,0,0,2.7258,10.5272,6.2409,2.0438,1.555,6.2092,5.0072,0,0,8450,,3.58
headon,vfield,6,1111,ok,f10d62c73d,0,0,0,0,0,0,2.7258,1.4451,4.9882,2.0438,1.555,6.2092,5.0072,0,0,8450,,3.59
headon,vfield,6,1234,ok,f10d62c73d,0,0,0,0,0,0,2.7258,6.6913,4.1082,2.0438,1.555,6.2092,5.0072,0,0,8450,,3.55
headon,vfield,6,1337,ok,f10d62c73d,0,0,0,0,0,0,2.7258,13.0282,9.711,2.0438,1.555,6.2092,5.0072,0,0,8450,,3.57
headon,vfield,8,8,ok,f10d62c73d,0,0,0,0,0,0,2.7258,6.9952,9.3819,2.0438,1.555,6.2092,5.0072,0,0,8450,,3.63
headon,vfield,8,11,ok,f10d62c73d,0,0,0,0,0,0,2.7258,12.1246,6.1736,2.0438,1.555,6.2092,5.0072,0,0,8450,,3.62
headon,vfield,8,23,ok,f10d62c73d,0,0,0,0,0,0,2.7258,4.1389,7.3493,2.0438,1.555,6.2092,5.0072,0,0,8450,,3.62
headon,vfield,8,42,ok,f10d62c73d,0,0,0,0,0,0,2.7258,17.1116,4.4346,2.0438,1.555,6.2092,5.0072,0,0,8450,,3.63
headon,vfield,8,77,ok,f10d62c73d,0,0,0,0,0,0,2.7258,13.7901,7.6931,2.0438,1.555,6.2092,5.0072,0,0,8450,,3.63
headon,vfield,8,101,ok,f10d62c73d,0,0,0,0,0,0,2.7258,9.9977,10.2505,2.0438,1.555,6.2092,5.0072,0,0,8450,,3.62
headon,vfield,8,144,ok,f10d62c73d,0,0,0,0,0,0,2.7258,5.2726,2.4987,2.0438,1.555,6.2092,5.0072,0,0,8450,,3.62
headon,vfield,8,200,ok,f10d62c73d,0,0,0,0,0,0,2.7258,7.6735,7.7854,2.0438,1.555,6.2092,5.0072,0,0,8450,,3.62
headon,vfield,8,256,ok,f10d62c73d,0,0,0,0,0,0,2.7258,6.5841,12.5159,2.0438,1.555,6.2092,5.0072,0,0,8450,,3.64
headon,vfield,8,314,ok,f10d62c73d,0,0,0,0,0,0,2.7258,8.7269,2.3437,2.0438,1.555,6.2092,5.0072,0,0,8450,,3.63
headon,vfield,8,400,ok,f10d62c73d,0,0,0,0,0,0,2.7258,12.7091,6.3421,2.0438,1.555,6.2092,5.0072,0,0,8450,,3.62
headon,vfield,8,512,ok,f10d62c73d,0,0,0,0,0,0,2.7258,10.822,7.7536,2.0438,1.555,6.2092,5.0072,0,0,8450,,3.7
headon,vfield,8,613,ok,f10d62c73d,0,0,0,0,0,0,2.7258,8.8133,8.7068,2.0438,1.555,6.2092,5.0072,0,0,8450,,3.67
headon,vfield,8,700,ok,f10d62c73d,0,0,1,0,0,1,2.7258,0.5775,6.73,2.0438,1.555,6.2092,5.0072,0,0,8450,26.58,3.65
headon,vfield,8,808,ok,f10d62c73d,0,0,0,0,0,0,2.7258,6.5575,8.7512,2.0438,1.555,6.2092,5.0072,0,0,8450,,3.63
headon,vfield,8,900,ok,f10d62c73d,0,0,0,1,0,1,2.7258,9.9271,0.3759,2.0438,1.555,6.2092,5.0072,0,0,8450,-23.37,3.67
headon,vfield,8,1024,ok,f10d62c73d,0,0,0,0,0,0,2.7258,8.3918,3.3534,2.0438,1.555,6.2092,5.0072,0,0,8450,,3.65
headon,vfield,8,1111,ok,f10d62c73d,0,0,0,0,0,0,2.7258,4.9007,11.1137,2.0438,1.555,6.2092,5.0072,0,0,8450,,3.65
headon,vfield,8,1234,ok,f10d62c73d,0,0,1,0,0,1,2.7258,0.1183,5.6106,2.0438,1.555,6.2092,5.0072,0,0,8450,17.84,3.63
headon,vfield,8,1337,ok,f10d62c73d,0,0,0,0,0,0,2.7258,5.3248,9.4206,2.0438,1.555,6.2092,5.0072,0,0,8450,,3.81
headon,vfield,12,8,ok,f10d62c73d,0,0,0,0,0,0,2.7258,2.3905,10.3082,2.0438,1.555,6.2092,5.0072,0,0,8450,,3.85
headon,vfield,12,11,ok,f10d62c73d,0,0,0,0,0,0,2.7258,7.6531,2.4518,2.0438,1.555,6.2092,5.0072,0,0,8450,,3.86
headon,vfield,12,23,ok,f10d62c73d,0,0,0,1,0,1,2.7258,6.4146,0.6889,2.0438,1.555,6.2092,5.0072,0,0,8450,-13.5,3.85
headon,vfield,12,42,ok,f10d62c73d,0,0,0,0,0,0,2.7258,15.4377,8.655,2.0438,1.555,6.2092,5.0072,0,0,8450,,3.83
headon,vfield,12,77,ok,f10d62c73d,0,0,0,0,0,0,2.7258,10.6379,9.8864,2.0438,1.555,6.2092,5.0072,0,0,8450,,3.84
headon,vfield,12,101,ok,f10d62c73d,0,0,0,0,0,0,2.7258,8.9597,9.1069,2.0438,1.555,6.2092,5.0072,0,0,8450,,3.85
headon,vfield,12,144,ok,f10d62c73d,0,0,1,0,0,1,2.7258,0.1071,4.686,2.0438,1.555,6.2092,5.0072,0,0,8450,12.25,3.85
headon,vfield,12,200,ok,f10d62c73d,0,0,0,0,0,0,2.7258,4.9514,5.5415,2.0438,1.555,6.2092,5.0072,0,0,8450,,3.84
headon,vfield,12,256,ok,f10d62c73d,0,0,0,0,0,0,2.7258,13.8907,6.1545,2.0438,1.555,6.2092,5.0072,0,0,8450,,3.85
headon,vfield,12,314,ok,f10d62c73d,0,0,0,0,0,0,2.7258,8.0238,3.901,2.0438,1.555,6.2092,5.0072,0,0,8450,,3.85
headon,vfield,12,400,ok,f10d62c73d,0,0,0,0,0,0,2.7258,4.7456,6.5379,2.0438,1.555,6.2092,5.0072,0,0,8450,,3.88
headon,vfield,12,512,ok,f10d62c73d,0,0,0,0,0,0,2.7258,12.1366,1.3304,2.0438,1.555,6.2092,5.0072,0,0,8450,,3.87
headon,vfield,12,613,ok,f10d62c73d,0,0,0,0,0,0,2.7258,2.6551,5.7797,2.0438,1.555,6.2092,5.0072,0,0,8450,,3.84
headon,vfield,12,700,ok,f10d62c73d,0,0,0,0,0,0,2.7258,12.8781,8.345,2.0438,1.555,6.2092,5.0072,0,0,8450,,3.82
headon,vfield,12,808,ok,f10d62c73d,0,0,0,0,0,0,2.7258,2.1318,1.322,2.0438,1.555,6.2092,5.0072,0,0,8450,,3.84
headon,vfield,12,900,ok,f10d62c73d,0,0,0,0,0,0,2.7258,13.7474,3.1673,2.0438,1.555,6.2092,5.0072,0,0,8450,,3.84
headon,vfield,12,1024,ok,f10d62c73d,0,0,0,0,0,0,2.7258,10.0363,2.628,2.0438,1.555,6.2092,5.0072,0,0,8450,,3.84
headon,vfield,12,1111,ok,f10d62c73d,0,0,0,0,0,0,2.7258,8.4773,5.5845,2.0438,1.555,6.2092,5.0072,0,0,8450,,3.85
headon,vfield,12,1234,ok,f10d62c73d,0,0,0,0,0,0,2.7258,4.2122,1.0297,2.0438,1.555,6.2092,5.0072,0,0,8450,,3.84
headon,vfield,12,1337,ok,f10d62c73d,0,0,0,0,0,0,2.7258,9.3783,9.2065,2.0438,1.555,6.2092,5.0072,0,0,8450,,3.83
cross,waypoint,1,8,ok,f10d62c73d,0,0,0,0,0,0,6.8714,12.5933,10.2669,12.0732,9.1696,18.6244,15.423,0,0,20799,,8.11
cross,waypoint,1,11,ok,f10d62c73d,0,0,0,0,0,0,6.8714,14.3205,14.4178,12.0732,9.1696,18.6244,15.423,0,0,20799,,8.1
cross,waypoint,1,23,ok,f10d62c73d,0,0,0,0,0,0,6.8714,14.0014,8.9359,12.0732,9.1696,18.6244,15.423,0,0,20799,,8.09
cross,waypoint,1,42,ok,f10d62c73d,0,0,0,0,0,0,6.8714,13.826,8.7977,12.0732,9.1696,18.6244,15.423,0,0,20799,,8.14
cross,waypoint,1,77,ok,f10d62c73d,0,0,0,0,0,0,6.8714,16.1995,10.8256,12.0732,9.1696,18.6244,15.423,0,0,20799,,8.14
cross,waypoint,1,101,ok,f10d62c73d,0,0,0,0,0,0,6.8714,9.6066,9.7942,12.0732,9.1696,18.6244,15.423,0,0,20799,,8.15
cross,waypoint,1,144,ok,f10d62c73d,0,0,0,0,0,0,6.8714,12.516,18.7221,12.0732,9.1696,18.6244,15.423,0,0,20799,,8.14
cross,waypoint,1,200,ok,f10d62c73d,0,0,0,0,0,0,6.8714,11.279,15.8034,12.0732,9.1696,18.6244,15.423,0,0,20799,,8.12
cross,waypoint,1,256,ok,f10d62c73d,0,0,0,0,0,0,6.8714,2.1963,6.9117,12.0732,9.1696,18.6244,15.423,0,0,20799,,8.12
cross,waypoint,1,314,ok,f10d62c73d,0,0,0,0,0,0,6.8714,15.9569,17.5268,12.0732,9.1696,18.6244,15.423,0,0,20799,,8.43
cross,waypoint,1,400,ok,f10d62c73d,0,0,0,0,0,0,6.8714,13.3144,13.1066,12.0732,9.1696,18.6244,15.423,0,0,20799,,9.25
cross,waypoint,1,512,ok,f10d62c73d,0,0,0,0,0,0,6.8714,12.6412,9.3785,12.0732,9.1696,18.6244,15.423,0,0,20799,,8.44
cross,waypoint,1,613,ok,f10d62c73d,0,0,0,0,0,0,6.8714,9.5627,14.8559,12.0732,9.1696,18.6244,15.423,0,0,20799,,8.2
cross,waypoint,1,700,ok,f10d62c73d,0,0,0,0,0,0,6.8714,11.4162,19.9378,12.0732,9.1696,18.6244,15.423,0,0,20799,,8.15
cross,waypoint,1,808,ok,f10d62c73d,0,0,0,0,0,0,6.8714,13.0411,9.0274,12.0732,9.1696,18.6244,15.423,0,0,20799,,8.11
cross,waypoint,1,900,ok,f10d62c73d,0,0,0,0,0,0,6.8714,15.112,12.1278,12.0732,9.1696,18.6244,15.423,0,0,20799,,8.12
cross,waypoint,1,1024,ok,f10d62c73d,0,0,0,0,0,0,6.8714,13.9097,15.6241,12.0732,9.1696,18.6244,15.423,0,0,20799,,8.11
cross,waypoint,1,1111,ok,f10d62c73d,0,0,0,0,0,0,6.8714,12.6027,19.0154,12.0732,9.1696,18.6244,15.423,0,0,20799,,8.18
cross,waypoint,1,1234,ok,f10d62c73d,0,0,0,0,0,0,6.8714,13.7361,11.5538,12.0732,9.1696,18.6244,15.423,0,0,20799,,8.14
cross,waypoint,1,1337,ok,f10d62c73d,0,0,0,0,0,0,6.8714,12.942,17.3474,12.0732,9.1696,18.6244,15.423,0,0,20799,,8.12
cross,waypoint,2,8,ok,f10d62c73d,0,0,0,0,0,0,6.8714,14.174,8.2353,12.0732,9.1696,18.6244,15.423,0,0,20799,,8.22
cross,waypoint,2,11,ok,f10d62c73d,0,0,0,0,0,0,6.8714,9.2052,9.625,12.0732,9.1696,18.6244,15.423,0,0,20799,,8.21
cross,waypoint,2,23,ok,f10d62c73d,0,0,0,0,0,0,6.8714,7.1356,11.521,12.0732,9.1696,18.6244,15.423,0,0,20799,,8.18
cross,waypoint,2,42,ok,f10d62c73d,0,0,0,0,0,0,6.8714,5.5335,7.9101,12.0732,9.1696,18.6244,15.423,0,0,20799,,8.18
cross,waypoint,2,77,ok,f10d62c73d,0,0,0,0,0,0,6.8714,13.3261,7.4043,12.0732,9.1696,18.6244,15.423,0,0,20799,,8.18
cross,waypoint,2,101,ok,f10d62c73d,0,0,0,0,0,0,6.8714,9.9566,5.2272,12.0732,9.1696,18.6244,15.423,0,0,20799,,8.22
cross,waypoint,2,144,ok,f10d62c73d,0,0,0,0,0,0,6.8714,10.5631,13.7998,12.0732,9.1696,18.6244,15.423,0,0,20799,,8.19
cross,waypoint,2,200,ok,f10d62c73d,0,0,0,0,0,0,6.8714,7.6561,7.4056,12.0732,9.1696,18.6244,15.423,0,0,20799,,8.35
cross,waypoint,2,256,ok,f10d62c73d,0,0,0,0,0,0,6.8714,12.4467,7.7601,12.0732,9.1696,18.6244,15.423,0,0,20799,,8.22
cross,waypoint,2,314,ok,f10d62c73d,0,0,0,0,0,0,6.8714,10.34,8.8196,12.0732,9.1696,18.6244,15.423,0,0,20799,,8.23
cross,waypoint,2,400,ok,f10d62c73d,0,0,0,0,0,0,6.8714,9.1882,6.5227,12.0732,9.1696,18.6244,15.423,0,0,20799,,8.18
cross,waypoint,2,512,ok,f10d62c73d,0,0,0,0,0,0,6.8714,13.5345,9.3234,12.0732,9.1696,18.6244,15.423,0,0,20799,,8.18
cross,waypoint,2,613,ok,f10d62c73d,0,0,0,0,0,0,6.8714,8.0544,7.4907,12.0732,9.1696,18.6244,15.423,0,0,20799,,8.17
cross,waypoint,2,700,ok,f10d62c73d,0,0,0,0,0,0,6.8714,8.9605,8.4456,12.0732,9.1696,18.6244,15.423,0,0,20799,,8.3
cross,waypoint,2,808,ok,f10d62c73d,0,0,0,0,0,0,6.8714,11.269,9.9973,12.0732,9.1696,18.6244,15.423,0,0,20799,,8.36
cross,waypoint,2,900,ok,f10d62c73d,0,0,0,0,0,0,6.8714,13.9817,4.4476,12.0732,9.1696,18.6244,15.423,0,0,20799,,8.19
cross,waypoint,2,1024,ok,f10d62c73d,0,0,0,0,0,0,6.8714,9.8473,8.414,12.0732,9.1696,18.6244,15.423,0,0,20799,,8.19
cross,waypoint,2,1111,ok,f10d62c73d,0,0,0,0,0,0,6.8714,8.2473,13.3256,12.0732,9.1696,18.6244,15.423,0,0,20799,,8.25
cross,waypoint,2,1234,ok,f10d62c73d,0,0,0,0,0,0,6.8714,9.9477,3.4827,12.0732,9.1696,18.6244,15.423,0,0,20799,,8.22
cross,waypoint,2,1337,ok,f10d62c73d,0,0,0,0,0,0,6.8714,12.1836,12.0883,12.0732,9.1696,18.6244,15.423,0,0,20799,,8.25
cross,waypoint,3,8,ok,f10d62c73d,0,0,0,0,0,0,6.8714,8.9614,3.2091,12.0732,9.1696,18.6244,15.423,0,0,20799,,8.33
cross,waypoint,3,11,ok,f10d62c73d,0,0,0,0,0,0,6.8714,8.1819,10.2537,12.0732,9.1696,18.6244,15.423,0,0,20799,,8.33
cross,waypoint,3,23,ok,f10d62c73d,0,0,0,0,0,0,6.8714,3.3385,5.9401,12.0732,9.1696,18.6244,15.423,0,0,20799,,8.31
cross,waypoint,3,42,ok,f10d62c73d,0,0,0,0,0,0,6.8714,5.2222,7.7865,12.0732,9.1696,18.6244,15.423,0,0,20799,,8.31
cross,waypoint,3,77,ok,f10d62c73d,0,0,0,0,0,0,6.8714,9.346,5.4681,12.0732,9.1696,18.6244,15.423,0,0,20799,,8.27
cross,waypoint,3,101,ok,f10d62c73d,0,0,0,0,0,0,6.8714,8.4988,4.596,12.0732,9.1696,18.6244,15.423,0,0,20799,,8.31
cross,waypoint,3,144,ok,f10d62c73d,0,0,0,0,0,0,6.8714,9.5883,7.7517,12.0732,9.1696,18.6244,15.423,0,0,20799,,8.32
cross,waypoint,3,200,ok,f10d62c73d,0,0,0,0,0,0,6.8714,10.0443,7.1972,12.0732,9.1696,18.6244,15.423,0,0,20799,,8.29
cross,waypoint,3,256,ok,f10d62c73d,0,1,0,0,0,1,6.8714,0.2157,6.1633,12.0732,9.1696,18.6244,15.423,0,0,20799,24.06,8.29
cross,waypoint,3,314,ok,f10d62c73d,0,0,0,0,0,0,6.8714,10.4916,8.2647,12.0732,9.1696,18.6244,15.423,0,0,20799,,8.35
cross,waypoint,3,400,ok,f10d62c73d,0,0,0,0,0,0,6.8714,8.0086,9.3366,12.0732,9.1696,18.6244,15.423,0,0,20799,,8.34
cross,waypoint,3,512,ok,f10d62c73d,0,0,0,0,0,0,6.8714,8.4466,8.7348,12.0732,9.1696,18.6244,15.423,0,0,20799,,8.36
cross,waypoint,3,613,ok,f10d62c73d,0,0,0,0,0,0,6.8714,8.2904,9.4622,12.0732,9.1696,18.6244,15.423,0,0,20799,,8.34
cross,waypoint,3,700,ok,f10d62c73d,0,0,1,0,0,1,6.8714,0.7272,4.857,12.0732,9.1696,18.6244,15.423,0,0,20799,32.91,8.33
cross,waypoint,3,808,ok,f10d62c73d,0,0,0,1,0,1,6.8714,7.6277,0.2432,12.0732,9.1696,18.6244,15.423,0,0,20799,30.34,8.37
cross,waypoint,3,900,ok,f10d62c73d,0,0,0,0,0,0,6.8714,10.7296,5.4601,12.0732,9.1696,18.6244,15.423,0,0,20799,,8.31
cross,waypoint,3,1024,ok,f10d62c73d,0,0,0,0,0,0,6.8714,6.8091,5.2795,12.0732,9.1696,18.6244,15.423,0,0,20799,,8.31
cross,waypoint,3,1111,ok,f10d62c73d,0,0,0,0,0,0,6.8714,6.3378,6.406,12.0732,9.1696,18.6244,15.423,0,0,20799,,8.31
cross,waypoint,3,1234,ok,f10d62c73d,0,0,0,0,0,0,6.8714,7.8681,10.1052,12.0732,9.1696,18.6244,15.423,0,0,20799,,8.3
cross,waypoint,3,1337,ok,f10d62c73d,0,0,0,0,0,0,6.8714,9.2065,7.6359,12.0732,9.1696,18.6244,15.423,0,0,20799,,8.29
cross,waypoint,4,8,ok,f10d62c73d,0,0,0,0,0,0,6.8714,6.6461,4.8687,12.0732,9.1696,18.6244,15.423,0,0,20799,,8.3
cross,waypoint,4,11,ok,f10d62c73d,0,0,0,0,0,0,6.8714,8.669,4.9745,12.0732,9.1696,18.6244,15.423,0,0,20799,,8.32
cross,waypoint,4,23,ok,f10d62c73d,0,0,0,0,0,0,6.8714,8.5912,1.7096,12.0732,9.1696,18.6244,15.423,0,0,20799,,8.44
cross,waypoint,4,42,ok,f10d62c73d,0,0,0,0,0,0,6.8714,7.6697,4.0152,12.0732,9.1696,18.6244,15.423,0,0,20799,,8.32
cross,waypoint,4,77,ok,f10d62c73d,0,0,0,0,0,0,6.8714,9.5522,7.3307,12.0732,9.1696,18.6244,15.423,0,0,20799,,8.37
cross,waypoint,4,101,ok,f10d62c73d,0,0,0,0,0,0,6.8714,1.8534,5.219,12.0732,9.1696,18.6244,15.423,0,0,20799,,8.33
cross,waypoint,4,144,ok,f10d62c73d,0,0,0,0,0,0,6.8714,9.6267,6.3723,12.0732,9.1696,18.6244,15.423,0,0,20799,,8.36
cross,waypoint,4,200,ok,f10d62c73d,0,0,0,0,0,0,6.8714,6.3415,1.4281,12.0732,9.1696,18.6244,15.423,0,0,20799,,8.36
cross,waypoint,4,256,ok,f10d62c73d,0,0,0,0,0,0,6.8714,8.2793,5.1841,12.0732,9.1696,18.6244,15.423,0,0,20799,,8.33
cross,waypoint,4,314,ok,f10d62c73d,0,0,0,0,0,0,6.8714,11.5991,1.5823,12.0732,9.1696,18.6244,15.423,0,0,20799,,8.36
cross,waypoint,4,400,ok,f10d62c73d,0,0,0,0,0,0,6.8714,10.4446,5.0986,12.0732,9.1696,18.6244,15.423,0,0,20799,,8.37
cross,waypoint,4,512,ok,f10d62c73d,0,0,0,0,0,0,6.8714,10.5122,7.9255,12.0732,9.1696,18.6244,15.423,0,0,20799,,8.34
cross,waypoint,4,613,ok,f10d62c73d,0,0,0,1,0,1,6.8714,8.774,0.5564,12.0732,9.1696,18.6244,15.423,0,0,20799,-4.77,8.33
cross,waypoint,4,700,ok,f10d62c73d,0,0,1,0,0,1,6.8714,0.5378,5.6623,12.0732,9.1696,18.6244,15.423,0,0,20799,36.24,8.29
cross,waypoint,4,808,ok,f10d62c73d,0,0,0,0,0,0,6.8714,9.0981,8.2606,12.0732,9.1696,18.6244,15.423,0,0,20799,,8.28
cross,waypoint,4,900,ok,f10d62c73d,0,0,0,0,0,0,6.8714,10.8089,3.636,12.0732,9.1696,18.6244,15.423,0,0,20799,,8.29
cross,waypoint,4,1024,ok,f10d62c73d,0,0,0,0,0,0,6.8714,3.5272,3.1427,12.0732,9.1696,18.6244,15.423,0,0,20799,,8.31
cross,waypoint,4,1111,ok,f10d62c73d,0,0,0,0,0,0,6.8714,7.2307,3.8391,12.0732,9.1696,18.6244,15.423,0,0,20799,,8.32
cross,waypoint,4,1234,ok,f10d62c73d,0,0,0,0,0,0,6.8714,1.7416,1.4235,12.0732,9.1696,18.6244,15.423,0,0,20799,,8.35
cross,waypoint,4,1337,ok,f10d62c73d,0,0,0,0,0,0,6.8714,6.6242,4.1591,12.0732,9.1696,18.6244,15.423,0,0,20799,,8.35
cross,waypoint,6,8,ok,f10d62c73d,0,0,0,0,1,1,6.8714,10.6863,0.6666,12.0732,9.1696,18.6244,15.423,0,0,20799,125.71,8.48
cross,waypoint,6,11,ok,f10d62c73d,0,0,0,0,1,1,6.8714,6.4404,0.3702,12.0732,9.1696,18.6244,15.423,0,0,20799,118.77,8.65
cross,waypoint,6,23,ok,f10d62c73d,0,0,0,0,0,0,6.8714,2.5665,2.055,12.0732,9.1696,18.6244,15.423,0,0,20799,,8.81
cross,waypoint,6,42,ok,f10d62c73d,0,0,0,1,0,1,6.8714,7.5521,0.773,12.0732,9.1696,18.6244,15.423,0,0,20799,-41.39,8.48
cross,waypoint,6,77,ok,f10d62c73d,0,0,0,0,0,0,6.8714,8.228,1.3809,12.0732,9.1696,18.6244,15.423,0,0,20799,,8.49
cross,waypoint,6,101,ok,f10d62c73d,0,0,0,0,0,0,6.8714,3.4646,3.2379,12.0732,9.1696,18.6244,15.423,0,0,20799,,8.65
cross,waypoint,6,144,ok,f10d62c73d,0,0,0,0,0,0,6.8714,7.9741,1.1657,12.0732,9.1696,18.6244,15.423,0,0,20799,,8.53
cross,waypoint,6,200,ok,f10d62c73d,0,0,0,0,0,0,6.8714,7.7134,8.4438,12.0732,9.1696,18.6244,15.423,0,0,20799,,8.55
cross,waypoint,6,256,ok,f10d62c73d,0,0,0,0,0,0,6.8714,9.5073,3.7384,12.0732,9.1696,18.6244,15.423,0,0,20799,,8.47
cross,waypoint,6,314,ok,f10d62c73d,0,0,0,0,0,0,6.8714,8.5421,1.5985,12.0732,9.1696,18.6244,15.423,0,0,20799,,8.45
cross,waypoint,6,400,ok,f10d62c73d,0,0,0,0,0,0,6.8714,2.3273,3.9741,12.0732,9.1696,18.6244,15.423,0,0,20799,,8.44
cross,waypoint,6,512,ok,f10d62c73d,0,0,0,0,0,0,6.8714,4.5857,4.0128,12.0732,9.1696,18.6244,15.423,0,0,20799,,8.46
cross,waypoint,6,613,ok,f10d62c73d,0,0,0,0,0,0,6.8714,5.5838,2.1292,12.0732,9.1696,18.6244,15.423,0,0,20799,,8.47
cross,waypoint,6,700,ok,f10d62c73d,0,0,0,0,0,0,6.8714,4.3656,5.4755,12.0732,9.1696,18.6244,15.423,0,0,20799,,8.53
cross,waypoint,6,808,ok,f10d62c73d,0,0,0,0,0,0,6.8714,7.2903,4.0956,12.0732,9.1696,18.6244,15.423,0,0,20799,,8.51
cross,waypoint,6,900,ok,f10d62c73d,0,0,0,0,0,0,6.8714,3.6962,2.6909,12.0732,9.1696,18.6244,15.423,0,0,20799,,8.54
cross,waypoint,6,1024,ok,f10d62c73d,0,0,0,1,0,1,6.8714,4.3931,0.0511,12.0732,9.1696,18.6244,15.423,0,0,20799,137.89,8.51
cross,waypoint,6,1111,ok,f10d62c73d,0,0,0,0,1,1,6.8714,7.1101,0.4447,12.0732,9.1696,18.6244,15.423,0,0,20799,71.71,8.46
cross,waypoint,6,1234,ok,f10d62c73d,0,0,0,0,0,0,6.8714,3.521,2.2673,12.0732,9.1696,18.6244,15.423,0,0,20799,,8.54
cross,waypoint,6,1337,ok,f10d62c73d,0,0,0,0,0,0,6.8714,6.1345,5.4847,12.0732,9.1696,18.6244,15.423,0,0,20799,,8.61
cross,waypoint,8,8,ok,f10d62c73d,0,0,0,0,0,0,6.8714,7.7614,1.6633,12.0732,9.1696,18.6244,15.423,0,0,20799,,8.65
cross,waypoint,8,11,ok,f10d62c73d,0,0,0,0,0,0,6.8714,4.1387,3.4496,12.0732,9.1696,18.6244,15.423,0,0,20799,,8.64
cross,waypoint,8,23,ok,f10d62c73d,0,0,0,0,0,0,6.8714,2.9128,1.4716,12.0732,9.1696,18.6244,15.423,0,0,20799,,8.64
cross,waypoint,8,42,ok,f10d62c73d,0,0,0,1,0,1,6.8714,5.2538,0.142,12.0732,9.1696,18.6244,15.423,0,0,20799,89.04,8.7
cross,waypoint,8,77,ok,f10d62c73d,0,0,0,0,0,0,6.8714,3.1837,2.8874,12.0732,9.1696,18.6244,15.423,0,0,20799,,8.65
cross,waypoint,8,101,ok,f10d62c73d,0,0,0,0,0,0,6.8714,9.2864,1.6928,12.0732,9.1696,18.6244,15.423,0,0,20799,,8.65
cross,waypoint,8,144,ok,f10d62c73d,0,0,0,1,1,2,6.8714,1.0343,0.5865,12.0732,9.1696,18.6244,15.423,0,0,20799,48.28,8.63
cross,waypoint,8,200,ok,f10d62c73d,0,0,1,0,0,1,6.8714,0.1376,3.1991,12.0732,9.1696,18.6244,15.423,0,0,20799,26.07,8.61
cross,waypoint,8,256,ok,f10d62c73d,0,0,0,1,3,4,6.8714,3.8931,0.2366,12.0732,9.1696,18.6244,15.423,0,0,20799,7.17,8.62
cross,waypoint,8,314,ok,f10d62c73d,0,0,0,0,0,0,6.8714,8.3589,1.2383,12.0732,9.1696,18.6244,15.423,0,0,20799,,8.63
cross,waypoint,8,400,ok,f10d62c73d,0,0,0,0,0,0,6.8714,7.1597,1.1458,12.0732,9.1696,18.6244,15.423,0,0,20799,,8.64
cross,waypoint,8,512,ok,f10d62c73d,0,0,0,0,0,0,6.8714,8.2499,1.2823,12.0732,9.1696,18.6244,15.423,0,0,20799,,8.69
cross,waypoint,8,613,ok,f10d62c73d,0,0,0,1,0,1,6.8714,5.0086,0.4382,12.0732,9.1696,18.6244,15.423,0,0,20799,106.18,8.68
cross,waypoint,8,700,ok,f10d62c73d,0,0,0,1,0,1,6.8714,2.9059,0.9713,12.0732,9.1696,18.6244,15.423,0,0,20799,40.4,8.62
cross,waypoint,8,808,ok,f10d62c73d,0,0,0,0,0,0,6.8714,8.898,2.3947,12.0732,9.1696,18.6244,15.423,0,0,20799,,8.63
cross,waypoint,8,900,ok,f10d62c73d,0,0,0,1,0,1,6.8714,8.419,0.3754,12.0732,9.1696,18.6244,15.423,0,0,20799,-43.38,8.63
cross,waypoint,8,1024,ok,f10d62c73d,0,0,0,0,0,0,6.8714,3.8623,2.4592,12.0732,9.1696,18.6244,15.423,0,0,20799,,8.6
cross,waypoint,8,1111,ok,f10d62c73d,0,0,0,0,0,0,6.8714,8.8705,2.2889,12.0732,9.1696,18.6244,15.423,0,0,20799,,8.62
cross,waypoint,8,1234,ok,f10d62c73d,0,0,0,0,0,0,6.8714,2.0553,2.5993,12.0732,9.1696,18.6244,15.423,0,0,20799,,8.64
cross,waypoint,8,1337,ok,f10d62c73d,0,0,0,0,0,0,6.8714,5.3236,1.2864,12.0732,9.1696,18.6244,15.423,0,0,20799,,8.68
cross,waypoint,12,8,ok,f10d62c73d,0,0,0,2,0,2,6.8714,6.1206,0.1547,12.0732,9.1696,18.6244,15.423,0,0,20799,127.94,9.15
cross,waypoint,12,11,ok,f10d62c73d,0,0,0,0,0,0,6.8714,2.0392,1.4291,12.0732,9.1696,18.6244,15.423,0,0,20799,,9.14
cross,waypoint,12,23,ok,f10d62c73d,0,0,0,1,1,2,6.8714,1.5932,0.6695,12.0732,9.1696,18.6244,15.423,0,0,20799,-33.53,9.17
cross,waypoint,12,42,ok,f10d62c73d,0,1,0,0,0,1,6.8714,0.6421,2.271,12.0732,9.1696,18.6244,15.423,0,0,20799,129.52,9.16
cross,waypoint,12,77,ok,f10d62c73d,0,0,0,0,1,1,6.8714,7.7792,0.5501,12.0732,9.1696,18.6244,15.423,0,0,20799,130.96,9.15
cross,waypoint,12,101,ok,f10d62c73d,0,1,0,1,0,2,6.8714,0.006,0.5014,12.0732,9.1696,18.6244,15.423,0,0,20799,32.07,9.16
cross,waypoint,12,144,ok,f10d62c73d,0,0,0,0,0,0,6.8714,7.2565,2.309,12.0732,9.1696,18.6244,15.423,0,0,20799,,9.21
cross,waypoint,12,200,ok,f10d62c73d,0,0,0,0,0,0,6.8714,8.1014,1.3021,12.0732,9.1696,18.6244,15.423,0,0,20799,,9.21
cross,waypoint,12,256,ok,f10d62c73d,0,0,0,0,1,1,6.8714,5.8858,0.2096,12.0732,9.1696,18.6244,15.423,0,0,20799,69.94,9.29
cross,waypoint,12,314,ok,f10d62c73d,0,0,0,1,2,3,6.8714,1.5003,0.2953,12.0732,9.1696,18.6244,15.423,0,0,20799,71.57,9.18
cross,waypoint,12,400,ok,f10d62c73d,0,0,0,0,0,0,6.8714,8.5851,1.4388,12.0732,9.1696,18.6244,15.423,0,0,20799,,9.18
cross,waypoint,12,512,ok,f10d62c73d,0,0,0,0,1,1,6.8714,8.9813,0.0232,12.0732,9.1696,18.6244,15.423,0,0,20799,82.89,9.13
cross,waypoint,12,613,ok,f10d62c73d,0,0,0,0,2,2,6.8714,6.3169,0.8686,12.0732,9.1696,18.6244,15.423,0,0,20799,41.55,9.4
cross,waypoint,12,700,ok,f10d62c73d,0,1,0,0,1,2,6.8714,0.798,0.7825,12.0732,9.1696,18.6244,15.423,0,0,20799,90.54,9.29
cross,waypoint,12,808,ok,f10d62c73d,0,0,0,0,3,3,6.8714,8.0433,0.2487,12.0732,9.1696,18.6244,15.423,0,0,20799,42.34,9.28
cross,waypoint,12,900,ok,f10d62c73d,0,0,0,0,0,0,6.8714,7.4812,2.121,12.0732,9.1696,18.6244,15.423,0,0,20799,,9.21
cross,waypoint,12,1024,ok,f10d62c73d,0,0,0,1,0,1,6.8714,8.6296,0.6127,12.0732,9.1696,18.6244,15.423,0,0,20799,81.94,9.18
cross,waypoint,12,1111,ok,f10d62c73d,0,0,0,0,0,0,6.8714,8.6738,1.3976,12.0732,9.1696,18.6244,15.423,0,0,20799,,9.26
cross,waypoint,12,1234,ok,f10d62c73d,0,0,1,0,0,1,6.8714,0.4711,1.2216,12.0732,9.1696,18.6244,15.423,0,0,20799,95.51,9.15
cross,waypoint,12,1337,ok,f10d62c73d,0,0,0,0,0,0,6.8714,1.0349,1.0392,12.0732,9.1696,18.6244,15.423,0,0,20799,,9.14
cross,vfield,1,8,ok,f10d62c73d,0,0,0,0,0,0,7.2337,15.7353,8.892,2.861,0.3903,10.0176,1.6763,0,0,14460,,5.48
cross,vfield,1,11,ok,f10d62c73d,0,0,0,0,0,0,7.2337,9.0835,19.7009,2.861,0.3903,10.0176,1.6763,0,0,14460,,5.47
cross,vfield,1,23,ok,f10d62c73d,0,0,0,0,0,0,7.2337,10.0243,34.4065,2.861,0.3903,10.0176,1.6763,0,0,14460,,5.51
cross,vfield,1,42,ok,f10d62c73d,0,0,0,0,0,0,7.2337,10.6185,35.6241,2.861,0.3903,10.0176,1.6763,0,0,14460,,5.49
cross,vfield,1,77,ok,f10d62c73d,0,0,0,0,0,0,7.2337,8.0071,19.6761,2.861,0.3903,10.0176,1.6763,0,0,14460,,5.46
cross,vfield,1,101,ok,f10d62c73d,0,0,0,0,0,0,7.2337,9.6066,19.4767,2.861,0.3903,10.0176,1.6763,0,0,14460,,5.47
cross,vfield,1,144,ok,f10d62c73d,0,0,0,0,0,0,7.2337,11.47,19.7623,2.861,0.3903,10.0176,1.6763,0,0,14460,,5.5
cross,vfield,1,200,ok,f10d62c73d,0,0,0,0,0,0,7.2337,9.8287,18.208,2.861,0.3903,10.0176,1.6763,0,0,14460,,5.51
cross,vfield,1,256,ok,f10d62c73d,0,0,0,0,0,0,7.2337,9.935,35.9462,2.861,0.3903,10.0176,1.6763,0,0,14460,,5.49
cross,vfield,1,314,ok,f10d62c73d,0,0,0,0,0,0,7.2337,6.6778,19.818,2.861,0.3903,10.0176,1.6763,0,0,14460,,5.51
cross,vfield,1,400,ok,f10d62c73d,0,0,0,0,0,0,7.2337,7.8844,28.679,2.861,0.3903,10.0176,1.6763,0,0,14460,,5.5
cross,vfield,1,512,ok,f10d62c73d,0,0,0,0,0,0,7.2337,13.0584,9.0059,2.861,0.3903,10.0176,1.6763,0,0,14460,,5.52
cross,vfield,1,613,ok,f10d62c73d,0,0,0,0,0,0,7.2337,8.755,19.1836,2.861,0.3903,10.0176,1.6763,0,0,14460,,5.51
cross,vfield,1,700,ok,f10d62c73d,0,0,0,0,0,0,7.2337,9.4502,19.9753,2.861,0.3903,10.0176,1.6763,0,0,14460,,5.54
cross,vfield,1,808,ok,f10d62c73d,0,0,0,0,0,0,7.2337,9.9791,31.9144,2.861,0.3903,10.0176,1.6763,0,0,14460,,5.57
cross,vfield,1,900,ok,f10d62c73d,0,0,0,0,0,0,7.2337,18.0971,19.8737,2.861,0.3903,10.0176,1.6763,0,0,14460,,5.77
cross,vfield,1,1024,ok,f10d62c73d,0,0,0,0,0,0,7.2337,6.586,34.7228,2.861,0.3903,10.0176,1.6763,0,0,14460,,5.69
cross,vfield,1,1111,ok,f10d62c73d,0,0,0,0,0,0,7.2337,11.1617,19.7852,2.861,0.3903,10.0176,1.6763,0,0,14460,,5.54
cross,vfield,1,1234,ok,f10d62c73d,0,0,0,0,0,0,7.2337,9.721,14.2784,2.861,0.3903,10.0176,1.6763,0,0,14460,,5.52
cross,vfield,1,1337,ok,f10d62c73d,0,0,0,0,0,0,7.2337,10.6058,18.7811,2.861,0.3903,10.0176,1.6763,0,0,14460,,5.52
cross,vfield,2,8,ok,f10d62c73d,0,0,0,0,0,0,7.2337,11.2208,12.8428,2.861,0.3903,10.0176,1.6763,0,0,14460,,5.58
cross,vfield,2,11,ok,f10d62c73d,0,0,0,0,0,0,7.2337,5.3442,8.9286,2.861,0.3903,10.0176,1.6763,0,0,14460,,5.58
cross,vfield,2,23,ok,f10d62c73d,0,0,0,0,0,0,7.2337,11.0979,16.04,2.861,0.3903,10.0176,1.6763,0,0,14460,,5.63
cross,vfield,2,42,ok,f10d62c73d,0,0,0,0,0,0,7.2337,10.6477,8.5599,2.861,0.3903,10.0176,1.6763,0,0,14460,,5.58
cross,vfield,2,77,ok,f10d62c73d,0,0,0,0,0,0,7.2337,8.5223,8.6409,2.861,0.3903,10.0176,1.6763,0,0,14460,,5.59
cross,vfield,2,101,ok,f10d62c73d,0,0,0,0,0,0,7.2337,4.7448,9.4163,2.861,0.3903,10.0176,1.6763,0,0,14460,,5.57
cross,vfield,2,144,ok,f10d62c73d,0,0,0,0,0,0,7.2337,4.978,18.2804,2.861,0.3903,10.0176,1.6763,0,0,14460,,5.58
cross,vfield,2,200,ok,f10d62c73d,0,0,0,0,0,0,7.2337,9.729,12.0827,2.861,0.3903,10.0176,1.6763,0,0,14460,,5.64
cross,vfield,2,256,ok,f10d62c73d,0,0,0,0,0,0,7.2337,12.4467,9.9102,2.861,0.3903,10.0176,1.6763,0,0,14460,,5.59
cross,vfield,2,314,ok,f10d62c73d,0,0,0,0,0,0,7.2337,8.43,9.0281,2.861,0.3903,10.0176,1.6763,0,0,14460,,5.56
cross,vfield,2,400,ok,f10d62c73d,0,0,0,0,0,0,7.2337,8.1887,15.6934,2.861,0.3903,10.0176,1.6763,0,0,14460,,5.57
cross,vfield,2,512,ok,f10d62c73d,0,0,0,0,0,0,7.2337,12.0123,16.2079,2.861,0.3903,10.0176,1.6763,0,0,14460,,5.59
cross,vfield,2,613,ok,f10d62c73d,0,0,0,0,0,0,7.2337,10.9025,4.0909,2.861,0.3903,10.0176,1.6763,0,0,14460,,5.58
cross,vfield,2,700,ok,f10d62c73d,0,0,0,0,0,0,7.2337,13.022,11.5492,2.861,0.3903,10.0176,1.6763,0,0,14460,,5.69
cross,vfield,2,808,ok,f10d62c73d,0,0,0,0,0,0,7.2337,13.4605,9.8697,2.861,0.3903,10.0176,1.6763,0,0,14460,,5.61
cross,vfield,2,900,ok,f10d62c73d,0,0,0,0,0,0,7.2337,7.4611,9.9364,2.861,0.3903,10.0176,1.6763,0,0,14460,,5.6
cross,vfield,2,1024,ok,f10d62c73d,0,0,0,0,0,0,7.2337,12.2809,10.8259,2.861,0.3903,10.0176,1.6763,0,0,14460,,5.58
cross,vfield,2,1111,ok,f10d62c73d,0,0,0,0,0,0,7.2337,8.2473,7.611,2.861,0.3903,10.0176,1.6763,0,0,14460,,5.57
cross,vfield,2,1234,ok,f10d62c73d,0,0,0,0,0,0,7.2337,5.0029,3.568,2.861,0.3903,10.0176,1.6763,0,0,14460,,5.59
cross,vfield,2,1337,ok,f10d62c73d,0,0,0,0,0,0,7.2337,5.5541,12.0883,2.861,0.3903,10.0176,1.6763,0,0,14460,,5.62
cross,vfield,3,8,ok,f10d62c73d,0,0,0,0,0,0,7.2337,7.0545,7.7246,2.861,0.3903,10.0176,1.6763,0,0,14460,,5.67
cross,vfield,3,11,ok,f10d62c73d,0,0,0,0,0,0,7.2337,6.923,3.2804,2.861,0.3903,10.0176,1.6763,0,0,14460,,5.75
cross,vfield,3,23,ok,f10d62c73d,0,1,0,0,0,1,7.2337,0.1115,8.5959,2.861,0.3903,10.0176,1.6763,0,0,14460,24.24,5.65
cross,vfield,3,42,ok,f10d62c73d,0,0,0,0,0,0,7.2337,13.759,8.9512,2.861,0.3903,10.0176,1.6763,0,0,14460,,5.64
cross,vfield,3,77,ok,f10d62c73d,0,0,0,0,0,0,7.2337,3.2179,4.0903,2.861,0.3903,10.0176,1.6763,0,0,14460,,5.65
cross,vfield,3,101,ok,f10d62c73d,0,0,0,0,0,0,7.2337,9.5382,12.3906,2.861,0.3903,10.0176,1.6763,0,0,14460,,5.64
cross,vfield,3,144,ok,f10d62c73d,0,0,0,0,0,0,7.2337,7.4503,12.0124,2.861,0.3903,10.0176,1.6763,0,0,14460,,5.63
cross,vfield,3,200,ok,f10d62c73d,0,0,0,0,0,0,7.2337,10.2395,3.6831,2.861,0.3903,10.0176,1.6763,0,0,14460,,5.64
cross,vfield,3,256,ok,f10d62c73d,0,0,0,0,0,0,7.2337,10.4791,6.183,2.861,0.3903,10.0176,1.6763,0,0,14460,,5.62
cross,vfield,3,314,ok,f10d62c73d,0,0,0,0,0,0,7.2337,7.1416,9.4739,2.861,0.3903,10.0176,1.6763,0,0,14460,,5.65
cross,vfield,3,400,ok,f10d62c73d,0,0,0,0,0,0,7.2337,4.6211,9.8809,2.861,0.3903,10.0176,1.6763,0,0,14460,,5.66
cross,vfield,3,512,ok,f10d62c73d,0,0,0,0,0,0,7.2337,12.684,11.2856,2.861,0.3903,10.0176,1.6763,0,0,14460,,5.73
cross,vfield,3,613,ok,f10d62c73d,0,0,0,0,0,0,7.2337,12.0948,13.4392,2.861,0.3903,10.0176,1.6763,0,0,14460,,5.86
cross,vfield,3,700,ok,f10d62c73d,0,0,0,0,0,0,7.2337,8.3415,5.4484,2.861,0.3903,10.0176,1.6763,0,0,14460,,5.71
cross,vfield,3,808,ok,f10d62c73d,0,0,0,0,0,0,7.2337,10.0578,5.8079,2.861,0.3903,10.0176,1.6763,0,0,14460,,5.68
cross,vfield,3,900,ok,f10d62c73d,0,0,0,0,0,0,7.2337,15.3404,9.5229,2.861,0.3903,10.0176,1.6763,0,0,14460,,5.7
cross,vfield,3,1024,ok,f10d62c73d,0,1,0,0,0,1,7.2337,0.8312,5.297,2.861,0.3903,10.0176,1.6763,0,0,14460,22.63,5.7
cross,vfield,3,1111,ok,f10d62c73d,0,0,0,0,0,0,7.2337,3.1846,9.3804,2.861,0.3903,10.0176,1.6763,0,0,14460,,5.7
cross,vfield,3,1234,ok,f10d62c73d,0,0,0,0,0,0,7.2337,3.0145,7.7934,2.861,0.3903,10.0176,1.6763,0,0,14460,,5.77
cross,vfield,3,1337,ok,f10d62c73d,0,0,0,0,1,1,7.2337,7.0082,0.9764,2.861,0.3903,10.0176,1.6763,0,0,14460,57.69,5.83
cross,vfield,4,8,ok,f10d62c73d,0,0,0,0,0,0,7.2337,12.229,6.6604,2.861,0.3903,10.0176,1.6763,0,0,14460,,5.71
cross,vfield,4,11,ok,f10d62c73d,0,0,0,0,0,0,7.2337,8.892,3.282,2.861,0.3903,10.0176,1.6763,0,0,14460,,5.96
cross,vfield,4,23,ok,f10d62c73d,0,0,0,0,0,0,7.2337,1.0433,1.7104,2.861,0.3903,10.0176,1.6763,0,0,14460,,5.72
cross,vfield,4,42,ok,f10d62c73d,0,0,0,0,0,0,7.2337,9.7838,3.7207,2.861,0.3903,10.0176,1.6763,0,0,14460,,5.84
cross,vfield,4,77,ok,f10d62c73d,0,0,0,1,0,1,7.2337,6.7209,0.5295,2.861,0.3903,10.0176,1.6763,0,0,14460,13.32,5.94
cross,vfield,4,101,ok,f10d62c73d,0,0,0,0,0,0,7.2337,8.1613,3.5687,2.861,0.3903,10.0176,1.6763,0,0,14460,,5.66
cross,vfield,4,144,ok,f10d62c73d,0,0,0,0,0,0,7.2337,8.3185,4.5639,2.861,0.3903,10.0176,1.6763,0,0,14460,,5.67
cross,vfield,4,200,ok,f10d62c73d,0,0,0,0,0,0,7.2337,10.3713,1.4494,2.861,0.3903,10.0176,1.6763,0,0,14460,,5.66
cross,vfield,4,256,ok,f10d62c73d,0,0,0,0,0,0,7.2337,6.3128,5.4753,2.861,0.3903,10.0176,1.6763,0,0,14460,,5.64
cross,vfield,4,314,ok,f10d62c73d,0,1,0,0,0,1,7.2337,0.6661,3.8366,2.861,0.3903,10.0176,1.6763,0,0,14460,26.64,5.67
cross,vfield,4,400,ok,f10d62c73d,0,0,0,0,0,0,7.2337,9.583,3.1755,2.861,0.3903,10.0176,1.6763,0,0,14460,,5.69
cross,vfield,4,512,ok,f10d62c73d,0,0,0,0,0,0,7.2337,7.5766,7.2729,2.861,0.3903,10.0176,1.6763,0,0,14460,,5.69
cross,vfield,4,613,ok,f10d62c73d,0,0,0,0,0,0,7.2337,9.9089,4.2831,2.861,0.3903,10.0176,1.6763,0,0,14460,,5.97
cross,vfield,4,700,ok,f10d62c73d,0,1,0,0,0,1,7.2337,0.6831,6.0285,2.861,0.3903,10.0176,1.6763,0,0,14460,25.47,5.71
cross,vfield,4,808,ok,f10d62c73d,0,0,0,0,0,0,7.2337,5.8661,7.2524,2.861,0.3903,10.0176,1.6763,0,0,14460,,5.74
cross,vfield,4,900,ok,f10d62c73d,0,0,0,0,0,0,7.2337,3.7028,6.3076,2.861,0.3903,10.0176,1.6763,0,0,14460,,6.05
cross,vfield,4,1024,ok,f10d62c73d,0,0,0,0,0,0,7.2337,7.7683,1.5576,2.861,0.3903,10.0176,1.6763,0,0,14460,,5.8
cross,vfield,4,1111,ok,f10d62c73d,0,0,0,0,0,0,7.2337,3.8215,10.9919,2.861,0.3903,10.0176,1.6763,0,0,14460,,6.6
cross,vfield,4,1234,ok,f10d62c73d,0,0,0,0,0,0,7.2337,7.5626,10.736,2.861,0.3903,10.0176,1.6763,0,0,14460,,5.96
cross,vfield,4,1337,ok,f10d62c73d,0,0,0,0,0,0,7.2337,3.8655,4.1579,2.861,0.3903,10.0176,1.6763,0,0,14460,,6.65
cross,vfield,6,8,ok,f10d62c73d,0,0,0,0,0,0,7.2337,6.1779,6.2667,2.861,0.3903,10.0176,1.6763,0,0,14460,,6.93
cross,vfield,6,11,ok,f10d62c73d,0,0,0,0,0,0,7.2337,1.3382,6.7459,2.861,0.3903,10.0176,1.6763,0,0,14460,,7.5
cross,vfield,6,23,ok,f10d62c73d,0,0,0,0,0,0,7.2337,5.1291,7.218,2.861,0.3903,10.0176,1.6763,0,0,14460,,7.9
cross,vfield,6,42,ok,f10d62c73d,0,0,0,1,0,1,7.2337,6.1372,0.7434,2.861,0.3903,10.0176,1.6763,0,0,14460,-37.36,8.09
cross,vfield,6,77,ok,f10d62c73d,0,0,0,0,0,0,7.2337,5.7786,5.0442,2.861,0.3903,10.0176,1.6763,0,0,14460,,8.17
cross,vfield,6,101,ok,f10d62c73d,0,0,0,0,0,0,7.2337,2.1054,6.1657,2.861,0.3903,10.0176,1.6763,0,0,14460,,8.44
cross,vfield,6,144,ok,f10d62c73d,0,0,0,0,0,0,7.2337,4.3343,4.1479,2.861,0.3903,10.0176,1.6763,0,0,14460,,8.41
cross,vfield,6,200,ok,f10d62c73d,0,0,0,0,0,0,7.2337,6.0251,5.2648,2.861,0.3903,10.0176,1.6763,0,0,14460,,6.4
cross,vfield,6,256,ok,f10d62c73d,0,0,0,0,0,0,7.2337,5.5379,2.6855,2.861,0.3903,10.0176,1.6763,0,0,14460,,5.99
cross,vfield,6,314,ok,f10d62c73d,0,0,0,0,0,0,7.2337,3.8967,6.3529,2.861,0.3903,10.0176,1.6763,0,0,14460,,6.61
cross,vfield,6,400,ok,f10d62c73d,0,0,0,1,0,1,7.2337,8.3718,0.7531,2.861,0.3903,10.0176,1.6763,0,0,14460,62.69,5.81
cross,vfield,6,512,ok,f10d62c73d,0,0,0,0,0,0,7.2337,5.3091,6.6616,2.861,0.3903,10.0176,1.6763,0,0,14460,,6.02
cross,vfield,6,613,ok,f10d62c73d,0,0,0,0,0,0,7.2337,6.9031,4.1885,2.861,0.3903,10.0176,1.6763,0,0,14460,,5.79
cross,vfield,6,700,ok,f10d62c73d,0,0,0,0,0,0,7.2337,9.2505,5.5895,2.861,0.3903,10.0176,1.6763,0,0,14460,,5.78
cross,vfield,6,808,ok,f10d62c73d,0,0,0,0,0,0,7.2337,5.2344,8.3778,2.861,0.3903,10.0176,1.6763,0,0,14460,,5.78
cross,vfield,6,900,ok,f10d62c73d,0,0,0,0,0,0,7.2337,2.4191,7.6404,2.861,0.3903,10.0176,1.6763,0,0,14460,,5.77
cross,vfield,6,1024,ok,f10d62c73d,0,0,0,0,0,0,7.2337,8.6704,2.1459,2.861,0.3903,10.0176,1.6763,0,0,14460,,5.83
cross,vfield,6,1111,ok,f10d62c73d,0,0,0,0,0,0,7.2337,8.7176,6.8605,2.861,0.3903,10.0176,1.6763,0,0,14460,,5.84
cross,vfield,6,1234,ok,f10d62c73d,0,0,0,0,0,0,7.2337,4.9081,1.4037,2.861,0.3903,10.0176,1.6763,0,0,14460,,5.77
cross,vfield,6,1337,ok,f10d62c73d,0,0,0,0,0,0,7.2337,7.7608,3.2628,2.861,0.3903,10.0176,1.6763,0,0,14460,,5.78
cross,vfield,8,8,ok,f10d62c73d,0,0,0,0,0,0,7.2337,2.8193,4.5146,2.861,0.3903,10.0176,1.6763,0,0,14460,,5.95
cross,vfield,8,11,ok,f10d62c73d,0,0,0,0,0,0,7.2337,3.9326,6.1736,2.861,0.3903,10.0176,1.6763,0,0,14460,,5.9
cross,vfield,8,23,ok,f10d62c73d,0,0,0,0,0,0,7.2337,2.316,2.5585,2.861,0.3903,10.0176,1.6763,0,0,14460,,5.9
cross,vfield,8,42,ok,f10d62c73d,0,0,0,0,0,0,7.2337,3.4507,3.9764,2.861,0.3903,10.0176,1.6763,0,0,14460,,5.9
cross,vfield,8,77,ok,f10d62c73d,0,0,0,0,0,0,7.2337,2.9578,5.6978,2.861,0.3903,10.0176,1.6763,0,0,14460,,5.91
cross,vfield,8,101,ok,f10d62c73d,0,1,0,0,0,1,7.2337,0.9434,2.8114,2.861,0.3903,10.0176,1.6763,0,0,14460,17.54,5.93
cross,vfield,8,144,ok,f10d62c73d,0,0,0,0,0,0,7.2337,6.3529,2.4987,2.861,0.3903,10.0176,1.6763,0,0,14460,,5.92
cross,vfield,8,200,ok,f10d62c73d,0,0,0,0,0,0,7.2337,4.8814,4.8332,2.861,0.3903,10.0176,1.6763,0,0,14460,,5.93
cross,vfield,8,256,ok,f10d62c73d,0,0,0,0,0,0,7.2337,8.2626,6.6178,2.861,0.3903,10.0176,1.6763,0,0,14460,,5.98
cross,vfield,8,314,ok,f10d62c73d,0,0,0,1,0,1,7.2337,1.7777,0.9254,2.861,0.3903,10.0176,1.6763,0,0,14460,50.24,5.95
cross,vfield,8,400,ok,f10d62c73d,0,0,0,0,0,0,7.2337,4.5558,4.9496,2.861,0.3903,10.0176,1.6763,0,0,14460,,5.91
cross,vfield,8,512,ok,f10d62c73d,0,0,0,0,0,0,7.2337,12.0343,5.1316,2.861,0.3903,10.0176,1.6763,0,0,14460,,5.94
cross,vfield,8,613,ok,f10d62c73d,0,0,0,0,0,0,7.2337,6.2981,3.7222,2.861,0.3903,10.0176,1.6763,0,0,14460,,5.92
cross,vfield,8,700,ok,f10d62c73d,0,0,0,0,0,0,7.2337,11.7304,4.6695,2.861,0.3903,10.0176,1.6763,0,0,14460,,5.91
cross,vfield,8,808,ok,f10d62c73d,0,0,0,0,0,0,7.2337,8.599,7.8179,2.861,0.3903,10.0176,1.6763,0,0,14460,,5.94
cross,vfield,8,900,ok,f10d62c73d,0,0,0,1,0,1,7.2337,6.7683,0.3759,2.861,0.3903,10.0176,1.6763,0,0,14460,-39.34,5.91
cross,vfield,8,1024,ok,f10d62c73d,0,0,0,0,0,0,7.2337,11.8993,3.8435,2.861,0.3903,10.0176,1.6763,0,0,14460,,6.09
cross,vfield,8,1111,ok,f10d62c73d,0,0,0,0,0,0,7.2337,7.8536,9.7088,2.861,0.3903,10.0176,1.6763,0,0,14460,,6.13
cross,vfield,8,1234,ok,f10d62c73d,0,0,0,0,0,0,7.2337,1.0189,2.4423,2.861,0.3903,10.0176,1.6763,0,0,14460,,5.93
cross,vfield,8,1337,ok,f10d62c73d,0,0,0,0,0,0,7.2337,3.1699,3.6389,2.861,0.3903,10.0176,1.6763,0,0,14460,,5.94
cross,vfield,12,8,ok,f10d62c73d,0,0,0,0,0,0,7.2337,10.3638,4.8472,2.861,0.3903,10.0176,1.6763,0,0,14460,,6.51
cross,vfield,12,11,ok,f10d62c73d,0,0,0,0,0,0,7.2337,2.9164,1.44,2.861,0.3903,10.0176,1.6763,0,0,14460,,6.32
cross,vfield,12,23,ok,f10d62c73d,0,0,0,1,0,1,7.2337,5.7636,0.6889,2.861,0.3903,10.0176,1.6763,0,0,14460,-29.47,6.35
cross,vfield,12,42,ok,f10d62c73d,0,0,0,0,0,0,7.2337,7.9751,1.2094,2.861,0.3903,10.0176,1.6763,0,0,14460,,6.41
cross,vfield,12,77,ok,f10d62c73d,0,0,0,0,0,0,7.2337,7.2443,3.8001,2.861,0.3903,10.0176,1.6763,0,0,14460,,6.26
cross,vfield,12,101,ok,f10d62c73d,0,0,1,0,1,2,7.2337,0.3334,0.621,2.861,0.3903,10.0176,1.6763,0,0,14460,55.59,6.25
cross,vfield,12,144,ok,f10d62c73d,0,0,0,0,0,0,7.2337,7.2565,4.686,2.861,0.3903,10.0176,1.6763,0,0,14460,,6.28
cross,vfield,12,200,ok,f10d62c73d,0,0,0,0,0,0,7.2337,7.0347,2.1005,2.861,0.3903,10.0176,1.6763,0,0,14460,,6.26
cross,vfield,12,256,ok,f10d62c73d,0,0,0,0,0,0,7.2337,12.5177,5.2459,2.861,0.3903,10.0176,1.6763,0,0,14460,,6.26
cross,vfield,12,314,ok,f10d62c73d,0,0,0,0,0,0,7.2337,7.6568,2.5099,2.861,0.3903,10.0176,1.6763,0,0,14460,,6.29
cross,vfield,12,400,ok,f10d62c73d,0,0,0,0,0,0,7.2337,6.94,5.8698,2.861,0.3903,10.0176,1.6763,0,0,14460,,6.45
cross,vfield,12,512,ok,f10d62c73d,0,0,0,0,0,0,7.2337,5.7189,5.1952,2.861,0.3903,10.0176,1.6763,0,0,14460,,6.34
cross,vfield,12,613,ok,f10d62c73d,0,0,0,0,0,0,7.2337,6.4955,5.2419,2.861,0.3903,10.0176,1.6763,0,0,14460,,6.26
cross,vfield,12,700,ok,f10d62c73d,0,0,0,0,0,0,7.2337,8.0205,1.6139,2.861,0.3903,10.0176,1.6763,0,0,14460,,6.34
cross,vfield,12,808,ok,f10d62c73d,0,0,0,0,0,0,7.2337,6.7741,2.8639,2.861,0.3903,10.0176,1.6763,0,0,14460,,6.39
cross,vfield,12,900,ok,f10d62c73d,0,0,0,0,0,0,7.2337,5.1708,2.4687,2.861,0.3903,10.0176,1.6763,0,0,14460,,6.34
cross,vfield,12,1024,ok,f10d62c73d,0,0,1,0,0,1,7.2337,0.4116,2.628,2.861,0.3903,10.0176,1.6763,0,0,14460,88.48,6.32
cross,vfield,12,1111,ok,f10d62c73d,0,0,0,0,0,0,7.2337,5.9259,5.766,2.861,0.3903,10.0176,1.6763,0,0,14460,,6.29
cross,vfield,12,1234,ok,f10d62c73d,0,0,0,0,0,0,7.2337,7.0637,2.1901,2.861,0.3903,10.0176,1.6763,0,0,14460,,6.27
cross,vfield,12,1337,ok,f10d62c73d,0,0,0,0,0,0,7.2337,9.3783,8.197,2.861,0.3903,10.0176,1.6763,0,0,14460,,6.28
