geometry,guidance,nFan,seed,status,leaderLeader,fanOwnCap,fanForeignCap,fanFanSame,fanFanCross,totalCollisions,minLeaderGap,minFanCapGap,minFanFanGap,redRMS,goldRMS,redPeak,goldPeak,stopsRed,stopsGold,steps,firstCollisionRelCPA,runtimeSec
headon,waypoint,1,8,ok,0,0,0,0,0,0,3.5665,8.6955,21.1631,1.551,1.0686,6.3101,4.5332,0,0,20370,,7.45
headon,waypoint,1,11,ok,0,0,0,0,0,0,3.5665,8.7056,21.1939,1.551,1.0686,6.3101,4.5332,0,0,20370,,7.31
headon,waypoint,1,23,ok,0,0,0,0,0,0,3.5665,8.7073,21.196,1.551,1.0686,6.3101,4.5332,0,0,20370,,7.29
headon,waypoint,1,42,ok,0,0,0,0,0,0,3.5665,8.6982,21.1669,1.551,1.0686,6.3101,4.5332,0,0,20370,,7.27
headon,waypoint,1,77,ok,0,0,0,0,0,0,3.5665,8.6995,21.1679,1.551,1.0686,6.3101,4.5332,0,0,20370,,7.29
headon,waypoint,1,101,ok,0,0,0,0,0,0,3.5665,8.4516,21.1794,1.551,1.0686,6.3101,4.5332,0,0,20370,,7.21
headon,waypoint,1,144,ok,0,0,0,0,0,0,3.5665,8.7022,21.197,1.551,1.0686,6.3101,4.5332,0,0,20370,,7.36
headon,waypoint,1,200,ok,0,0,0,0,0,0,3.5665,8.7005,21.1835,1.551,1.0686,6.3101,4.5332,0,0,20370,,7.33
headon,waypoint,1,256,ok,0,0,0,0,0,0,3.5665,8.6957,21.1639,1.551,1.0686,6.3101,4.5332,0,0,20370,,7.32
headon,waypoint,1,314,ok,0,0,0,0,0,0,3.5665,8.7076,21.2022,1.551,1.0686,6.3101,4.5332,0,0,20370,,7.32
headon,waypoint,1,400,ok,0,0,0,0,0,0,3.5665,8.7042,21.1889,1.551,1.0686,6.3101,4.5332,0,0,20370,,7.46
headon,waypoint,1,512,ok,0,0,0,0,0,0,3.5665,8.7061,21.1952,1.551,1.0686,6.3101,4.5332,0,0,20370,,7.27
headon,waypoint,1,613,ok,0,0,0,0,0,0,3.5665,8.4385,21.1774,1.551,1.0686,6.3101,4.5332,0,0,20370,,7.2
headon,waypoint,1,700,ok,0,0,0,0,0,0,3.5665,8.7041,21.1917,1.551,1.0686,6.3101,4.5332,0,0,20370,,7.23
headon,waypoint,1,808,ok,0,0,0,0,0,0,3.5665,8.7012,21.185,1.551,1.0686,6.3101,4.5332,0,0,20370,,7.19
headon,waypoint,1,900,ok,0,0,0,0,0,0,3.5665,8.7107,21.2032,1.551,1.0686,6.3101,4.5332,0,0,20370,,7.18
headon,waypoint,1,1024,ok,0,0,0,0,0,0,3.5665,8.7058,21.1952,1.551,1.0686,6.3101,4.5332,0,0,20370,,7.22
headon,waypoint,1,1111,ok,0,0,0,0,0,0,3.5665,8.7023,21.1771,1.551,1.0686,6.3101,4.5332,0,0,20370,,7.26
headon,waypoint,1,1234,ok,0,0,0,0,0,0,3.5665,8.6978,21.1747,1.551,1.0686,6.3101,4.5332,0,0,20370,,7.21
headon,waypoint,1,1337,ok,0,0,0,0,0,0,3.5665,8.7038,21.1973,1.551,1.0686,6.3101,4.5332,0,0,20370,,7.21
headon,waypoint,2,8,ok,0,0,0,0,0,0,3.5665,3.1222,9.0376,1.551,1.0686,6.3101,4.5332,0,0,20370,,7.27
headon,waypoint,2,11,ok,0,0,0,0,0,0,3.5665,3.1277,8.1007,1.551,1.0686,6.3101,4.5332,0,0,20370,,7.4
headon,waypoint,2,23,ok,0,0,0,0,0,0,3.5665,3.1256,6.5066,1.551,1.0686,6.3101,4.5332,0,0,20370,,7.35
headon,waypoint,2,42,ok,0,0,0,0,0,0,3.5665,3.1646,8.975,1.551,1.0686,6.3101,4.5332,0,0,20370,,7.3
headon,waypoint,2,77,ok,0,0,0,0,0,0,3.5665,3.1359,6.1704,1.551,1.0686,6.3101,4.5332,0,0,20370,,7.27
headon,waypoint,2,101,ok,0,0,0,0,0,0,3.5665,3.1397,8.943,1.551,1.0686,6.3101,4.5332,0,0,20370,,7.29
headon,waypoint,2,144,ok,0,0,0,0,0,0,3.5665,3.1371,8.9818,1.551,1.0686,6.3101,4.5332,0,0,20370,,7.29
headon,waypoint,2,200,ok,0,0,0,0,0,0,3.5665,2.1651,2.8205,1.551,1.0686,6.3101,4.5332,0,0,20370,,7.34
headon,waypoint,2,256,ok,0,0,0,0,0,0,3.5665,3.1349,8.5967,1.551,1.0686,6.3101,4.5332,0,0,20370,,7.3
headon,waypoint,2,314,ok,0,0,0,0,0,0,3.5665,3.1104,8.2074,1.551,1.0686,6.3101,4.5332,0,0,20370,,7.33
headon,waypoint,2,400,ok,0,0,0,0,0,0,3.5665,3.1522,7.6833,1.551,1.0686,6.3101,4.5332,0,0,20370,,7.67
headon,waypoint,2,512,ok,0,0,0,0,0,0,3.5665,3.1432,8.9859,1.551,1.0686,6.3101,4.5332,0,0,20370,,7.35
headon,waypoint,2,613,ok,0,0,0,0,0,0,3.5665,3.1458,7.6823,1.551,1.0686,6.3101,4.5332,0,0,20370,,7.29
headon,waypoint,2,700,ok,0,0,0,0,0,0,3.5665,3.1447,8.7831,1.551,1.0686,6.3101,4.5332,0,0,20370,,7.3
headon,waypoint,2,808,ok,0,0,0,0,0,0,3.5665,3.1504,8.6801,1.551,1.0686,6.3101,4.5332,0,0,20370,,7.41
headon,waypoint,2,900,ok,0,0,0,0,0,0,3.5665,3.136,7.9458,1.551,1.0686,6.3101,4.5332,0,0,20370,,7.29
headon,waypoint,2,1024,ok,0,0,0,0,0,0,3.5665,3.1375,8.9882,1.551,1.0686,6.3101,4.5332,0,0,20370,,7.34
headon,waypoint,2,1111,ok,0,0,0,0,0,0,3.5665,3.1426,8.9641,1.551,1.0686,6.3101,4.5332,0,0,20370,,7.23
headon,waypoint,2,1234,ok,0,0,0,0,0,0,3.5665,3.0888,6.4381,1.551,1.0686,6.3101,4.5332,0,0,20370,,7.26
headon,waypoint,2,1337,ok,0,0,0,0,0,0,3.5665,3.0932,7.1783,1.551,1.0686,6.3101,4.5332,0,0,20370,,7.29
headon,waypoint,3,8,ok,0,0,1,0,0,1,3.5665,0.3301,3.5917,1.551,1.0686,6.3101,4.5332,0,0,20370,16.0,7.37
headon,waypoint,3,11,ok,0,0,0,0,0,0,3.5665,5.285,5.1138,1.551,1.0686,6.3101,4.5332,0,0,20370,,7.34
headon,waypoint,3,23,ok,0,0,0,0,0,0,3.5665,3.1624,7.3938,1.551,1.0686,6.3101,4.5332,0,0,20370,,7.33
headon,waypoint,3,42,ok,0,0,0,0,0,0,3.5665,3.1485,5.9833,1.551,1.0686,6.3101,4.5332,0,0,20370,,7.33
headon,waypoint,3,77,ok,0,0,1,0,0,1,3.5665,0.3541,3.6269,1.551,1.0686,6.3101,4.5332,0,0,20370,4.79,7.31
headon,waypoint,3,101,ok,0,0,0,0,0,0,3.5665,1.2072,6.933,1.551,1.0686,6.3101,4.5332,0,0,20370,,7.33
headon,waypoint,3,144,ok,0,0,0,0,0,0,3.5665,2.1488,6.4573,1.551,1.0686,6.3101,4.5332,0,0,20370,,7.31
headon,waypoint,3,200,ok,0,0,0,0,0,0,3.5665,2.7395,2.6511,1.551,1.0686,6.3101,4.5332,0,0,20370,,7.31
headon,waypoint,3,256,ok,0,0,0,0,0,0,3.5665,2.6436,6.3254,1.551,1.0686,6.3101,4.5332,0,0,20370,,7.29
headon,waypoint,3,314,ok,0,0,1,0,0,1,3.5665,0.6984,6.1334,1.551,1.0686,6.3101,4.5332,0,0,20370,5.62,7.32
headon,waypoint,3,400,ok,0,0,0,0,0,0,3.5665,2.3258,4.0303,1.551,1.0686,6.3101,4.5332,0,0,20370,,7.33
headon,waypoint,3,512,ok,0,0,0,0,0,0,3.5665,2.6164,2.7606,1.551,1.0686,6.3101,4.5332,0,0,20370,,7.33
headon,waypoint,3,613,ok,0,0,0,0,0,0,3.5665,2.9539,3.5414,1.551,1.0686,6.3101,4.5332,0,0,20370,,7.31
headon,waypoint,3,700,ok,0,0,0,0,0,0,3.5665,2.6968,6.9607,1.551,1.0686,6.3101,4.5332,0,0,20370,,7.41
headon,waypoint,3,808,ok,0,0,0,0,0,0,3.5665,1.2405,5.6366,1.551,1.0686,6.3101,4.5332,0,0,20370,,7.29
headon,waypoint,3,900,ok,0,0,0,0,0,0,3.5665,1.7673,5.8782,1.551,1.0686,6.3101,4.5332,0,0,20370,,7.33
headon,waypoint,3,1024,ok,0,0,0,0,0,0,3.5665,3.4464,7.0077,1.551,1.0686,6.3101,4.5332,0,0,20370,,7.31
headon,waypoint,3,1111,ok,0,0,0,0,0,0,3.5665,3.0988,1.9931,1.551,1.0686,6.3101,4.5332,0,0,20370,,7.28
headon,waypoint,3,1234,ok,0,0,0,0,0,0,3.5665,1.0697,6.9221,1.551,1.0686,6.3101,4.5332,0,0,20370,,7.3
headon,waypoint,3,1337,ok,0,0,0,0,0,0,3.5665,2.6968,1.9179,1.551,1.0686,6.3101,4.5332,0,0,20370,,7.3
headon,waypoint,4,8,ok,0,0,0,0,0,0,3.5665,2.1082,4.6429,1.551,1.0686,6.3101,4.5332,0,0,20370,,7.37
headon,waypoint,4,11,ok,0,0,0,0,0,0,3.5665,3.1472,1.5852,1.551,1.0686,6.3101,4.5332,0,0,20370,,7.35
headon,waypoint,4,23,ok,0,0,0,0,0,0,3.5665,3.15,3.8709,1.551,1.0686,6.3101,4.5332,0,0,20370,,7.4
headon,waypoint,4,42,ok,0,0,0,0,0,0,3.5665,4.903,1.5894,1.551,1.0686,6.3101,4.5332,0,0,20370,,7.4
headon,waypoint,4,77,ok,0,0,0,0,0,0,3.5665,1.8155,1.7524,1.551,1.0686,6.3101,4.5332,0,0,20370,,7.41
headon,waypoint,4,101,ok,0,0,0,0,0,0,3.5665,1.0695,2.5026,1.551,1.0686,6.3101,4.5332,0,0,20370,,7.4
headon,waypoint,4,144,ok,0,0,0,0,0,0,3.5665,1.4217,2.9193,1.551,1.0686,6.3101,4.5332,0,0,20370,,7.38
headon,waypoint,4,200,ok,0,0,0,0,0,0,3.5665,3.7564,3.1716,1.551,1.0686,6.3101,4.5332,0,0,20370,,7.36
headon,waypoint,4,256,ok,0,0,0,0,0,0,3.5665,1.8173,3.5711,1.551,1.0686,6.3101,4.5332,0,0,20370,,7.4
headon,waypoint,4,314,ok,0,0,1,0,0,1,3.5665,0.5468,2.1243,1.551,1.0686,6.3101,4.5332,0,0,20370,5.16,7.35
headon,waypoint,4,400,ok,0,0,0,0,0,0,3.5665,1.4135,3.4385,1.551,1.0686,6.3101,4.5332,0,0,20370,,7.37
headon,waypoint,4,512,ok,0,0,0,0,0,0,3.5665,2.1576,3.0733,1.551,1.0686,6.3101,4.5332,0,0,20370,,7.38
headon,waypoint,4,613,ok,0,0,1,0,0,1,3.5665,0.722,4.1295,1.551,1.0686,6.3101,4.5332,0,0,20370,17.65,7.39
headon,waypoint,4,700,ok,0,0,1,0,0,1,3.5665,0.5116,4.0129,1.551,1.0686,6.3101,4.5332,0,0,20370,4.37,7.38
headon,waypoint,4,808,ok,0,0,1,0,0,1,3.5665,0.9413,2.377,1.551,1.0686,6.3101,4.5332,0,0,20370,5.19,7.42
headon,waypoint,4,900,ok,0,0,0,0,0,0,3.5665,2.7856,4.1594,1.551,1.0686,6.3101,4.5332,0,0,20370,,7.37
headon,waypoint,4,1024,ok,0,0,0,0,0,0,3.5665,1.2984,7.3449,1.551,1.0686,6.3101,4.5332,0,0,20370,,7.38
headon,waypoint,4,1111,ok,0,0,0,0,0,0,3.5665,3.8276,3.7343,1.551,1.0686,6.3101,4.5332,0,0,20370,,7.36
headon,waypoint,4,1234,ok,0,0,0,0,0,0,3.5665,1.736,1.7156,1.551,1.0686,6.3101,4.5332,0,0,20370,,7.38
headon,waypoint,4,1337,ok,0,0,0,0,0,0,3.5665,2.7642,1.4304,1.551,1.0686,6.3101,4.5332,0,0,20370,,7.39
headon,waypoint,6,8,ok,0,0,0,1,0,1,3.5665,3.7629,0.4416,1.551,1.0686,6.3101,4.5332,0,0,20370,22.32,7.54
headon,waypoint,6,11,ok,0,0,0,0,0,0,3.5665,3.8544,3.2395,1.551,1.0686,6.3101,4.5332,0,0,20370,,7.57
headon,waypoint,6,23,ok,0,0,0,0,1,1,3.5665,2.8777,0.6754,1.551,1.0686,6.3101,4.5332,0,0,20370,9.21,7.54
headon,waypoint,6,42,ok,0,0,0,0,1,1,3.5665,3.8491,0.3724,1.551,1.0686,6.3101,4.5332,0,0,20370,12.3,7.58
headon,waypoint,6,77,ok,0,0,0,0,0,0,3.5665,2.2508,3.6411,1.551,1.0686,6.3101,4.5332,0,0,20370,,7.62
headon,waypoint,6,101,ok,0,0,0,0,0,0,3.5665,1.0162,1.3965,1.551,1.0686,6.3101,4.5332,0,0,20370,,7.65
headon,waypoint,6,144,ok,0,0,0,0,0,0,3.5665,1.0845,1.3714,1.551,1.0686,6.3101,4.5332,0,0,20370,,7.64
headon,waypoint,6,200,ok,0,0,0,0,1,1,3.5665,4.2486,0.9575,1.551,1.0686,6.3101,4.5332,0,0,20370,11.12,7.63
headon,waypoint,6,256,ok,0,0,0,0,0,0,3.5665,3.0753,3.8967,1.551,1.0686,6.3101,4.5332,0,0,20370,,7.69
headon,waypoint,6,314,ok,0,0,0,0,0,0,3.5665,4.0738,2.5509,1.551,1.0686,6.3101,4.5332,0,0,20370,,7.57
headon,waypoint,6,400,ok,0,0,0,0,0,0,3.5665,1.873,1.7882,1.551,1.0686,6.3101,4.5332,0,0,20370,,7.53
headon,waypoint,6,512,ok,0,0,0,0,0,0,3.5665,1.0489,1.7724,1.551,1.0686,6.3101,4.5332,0,0,20370,,7.61
headon,waypoint,6,613,ok,0,0,0,0,0,0,3.5665,1.931,1.3784,1.551,1.0686,6.3101,4.5332,0,0,20370,,7.61
headon,waypoint,6,700,ok,0,0,0,0,0,0,3.5665,1.5153,1.3876,1.551,1.0686,6.3101,4.5332,0,0,20370,,7.55
headon,waypoint,6,808,ok,0,0,1,0,0,1,3.5665,0.3391,1.8094,1.551,1.0686,6.3101,4.5332,0,0,20370,-4.63,7.54
headon,waypoint,6,900,ok,0,0,2,0,0,2,3.5665,0.2864,2.0549,1.551,1.0686,6.3101,4.5332,0,0,20370,8.27,7.54
headon,waypoint,6,1024,ok,0,0,1,0,0,1,3.5665,0.1603,1.1974,1.551,1.0686,6.3101,4.5332,0,0,20370,6.9,7.6
headon,waypoint,6,1111,ok,0,0,0,1,1,2,3.5665,1.4286,0.1267,1.551,1.0686,6.3101,4.5332,0,0,20370,16.42,7.53
headon,waypoint,6,1234,ok,0,0,1,0,0,1,3.5665,0.7552,2.4568,1.551,1.0686,6.3101,4.5332,0,0,20370,17.08,7.56
headon,waypoint,6,1337,ok,0,0,1,0,0,1,3.5665,0.1528,1.3723,1.551,1.0686,6.3101,4.5332,0,0,20370,10.44,7.54
headon,waypoint,8,8,ok,0,0,0,0,1,1,3.5665,1.8635,0.9404,1.551,1.0686,6.3101,4.5332,0,0,20370,5.62,7.64
headon,waypoint,8,11,ok,0,0,1,1,0,2,3.5665,0.7715,0.5593,1.551,1.0686,6.3101,4.5332,0,0,20370,5.16,7.68
headon,waypoint,8,23,ok,0,0,0,0,1,1,3.5665,4.1172,0.4773,1.551,1.0686,6.3101,4.5332,0,0,20370,60.2,7.66
headon,waypoint,8,42,ok,0,0,0,0,1,1,3.5665,3.1553,0.3235,1.551,1.0686,6.3101,4.5332,0,0,20370,28.82,7.67
headon,waypoint,8,77,ok,0,0,0,0,2,2,3.5665,3.8507,0.0416,1.551,1.0686,6.3101,4.5332,0,0,20370,31.34,7.73
headon,waypoint,8,101,ok,0,0,0,0,0,0,3.5665,2.3323,1.515,1.551,1.0686,6.3101,4.5332,0,0,20370,,7.62
headon,waypoint,8,144,ok,0,0,0,0,0,0,3.5665,2.0205,1.6422,1.551,1.0686,6.3101,4.5332,0,0,20370,,7.81
headon,waypoint,8,200,ok,0,0,2,0,0,2,3.5665,0.0893,1.463,1.551,1.0686,6.3101,4.5332,0,0,20370,6.7,7.67
headon,waypoint,8,256,ok,0,0,0,0,1,1,3.5665,1.4489,0.3912,1.551,1.0686,6.3101,4.5332,0,0,20370,-8.63,8.18
headon,waypoint,8,314,ok,0,0,1,0,3,4,3.5665,0.5173,0.1022,1.551,1.0686,6.3101,4.5332,0,0,20370,-0.12,8.89
headon,waypoint,8,400,ok,0,0,0,1,0,1,3.5665,3.3469,0.3016,1.551,1.0686,6.3101,4.5332,0,0,20370,10.99,9.29
headon,waypoint,8,512,ok,0,0,1,0,0,1,3.5665,0.5157,1.2251,1.551,1.0686,6.3101,4.5332,0,0,20370,7.21,7.81
headon,waypoint,8,613,ok,0,0,1,0,1,2,3.5665,0.9262,0.6805,1.551,1.0686,6.3101,4.5332,0,0,20370,6.13,7.76
headon,waypoint,8,700,ok,0,0,1,0,1,2,3.5665,0.8469,0.5258,1.551,1.0686,6.3101,4.5332,0,0,20370,5.61,7.76
headon,waypoint,8,808,ok,0,0,1,2,1,4,3.5665,0.3684,0.266,1.551,1.0686,6.3101,4.5332,0,0,20370,-51.53,7.72
headon,waypoint,8,900,ok,0,0,0,0,1,1,3.5665,3.9563,0.054,1.551,1.0686,6.3101,4.5332,0,0,20370,8.03,7.73
headon,waypoint,8,1024,ok,0,0,0,1,0,1,3.5665,1.6243,0.6949,1.551,1.0686,6.3101,4.5332,0,0,20370,18.75,7.71
headon,waypoint,8,1111,ok,0,0,1,0,0,1,3.5665,0.7826,1.0963,1.551,1.0686,6.3101,4.5332,0,0,20370,7.48,7.73
headon,waypoint,8,1234,ok,0,0,0,0,2,2,3.5665,2.1864,0.0113,1.551,1.0686,6.3101,4.5332,0,0,20370,16.73,7.78
headon,waypoint,8,1337,ok,0,0,1,0,0,1,3.5665,0.0278,1.231,1.551,1.0686,6.3101,4.5332,0,0,20370,10.3,7.85
headon,waypoint,12,8,ok,0,0,0,1,3,4,3.5665,1.1627,0.2722,1.551,1.0686,6.3101,4.5332,0,0,20370,-81.73,8.28
headon,waypoint,12,11,ok,0,0,1,2,1,4,3.5665,0.212,0.2604,1.551,1.0686,6.3101,4.5332,0,0,20370,10.55,8.22
headon,waypoint,12,23,ok,0,0,0,0,0,0,3.5665,2.4568,1.2876,1.551,1.0686,6.3101,4.5332,0,0,20370,,8.29
headon,waypoint,12,42,ok,0,0,0,2,0,2,3.5665,2.6111,0.1208,1.551,1.0686,6.3101,4.5332,0,0,20370,-83.54,8.17
headon,waypoint,12,77,ok,0,1,0,2,1,4,3.5665,0.9997,0.3936,1.551,1.0686,6.3101,4.5332,0,0,20370,-51.17,8.24
headon,waypoint,12,101,ok,0,0,1,3,0,4,3.5665,0.7561,0.0148,1.551,1.0686,6.3101,4.5332,0,0,20370,-27.34,8.13
headon,waypoint,12,144,ok,0,0,1,1,0,2,3.5665,0.649,0.2322,1.551,1.0686,6.3101,4.5332,0,0,20370,-74.68,8.19
headon,waypoint,12,200,ok,0,0,0,0,0,0,3.5665,1.2161,1.019,1.551,1.0686,6.3101,4.5332,0,0,20370,,8.2
headon,waypoint,12,256,ok,0,0,1,1,2,4,3.5665,0.9073,0.4299,1.551,1.0686,6.3101,4.5332,0,0,20370,-93.95,8.26
headon,waypoint,12,314,ok,0,0,0,1,0,1,3.5665,1.1023,0.7623,1.551,1.0686,6.3101,4.5332,0,0,20370,-74.21,8.22
headon,waypoint,12,400,ok,0,0,1,2,1,4,3.5665,0.2457,0.7285,1.551,1.0686,6.3101,4.5332,0,0,20370,13.4,8.15
headon,waypoint,12,512,ok,0,0,1,1,1,3,3.5665,0.4045,0.6832,1.551,1.0686,6.3101,4.5332,0,0,20370,8.45,8.17
headon,waypoint,12,613,ok,0,0,1,0,1,2,3.5665,0.3506,0.5958,1.551,1.0686,6.3101,4.5332,0,0,20370,5.02,8.14
headon,waypoint,12,700,ok,0,0,3,2,1,6,3.5665,0.0206,0.0095,1.551,1.0686,6.3101,4.5332,0,0,20370,5.7,8.21
headon,waypoint,12,808,ok,0,0,0,2,0,2,3.5665,1.4786,0.2976,1.551,1.0686,6.3101,4.5332,0,0,20370,9.16,8.24
headon,waypoint,12,900,ok,0,1,0,0,2,3,3.5665,0.3767,0.5423,1.551,1.0686,6.3101,4.5332,0,0,20370,-43.42,8.28
headon,waypoint,12,1024,ok,0,0,1,2,0,3,3.5665,0.6852,0.2544,1.551,1.0686,6.3101,4.5332,0,0,20370,-11.51,8.29
headon,waypoint,12,1111,ok,0,0,1,2,3,6,3.5665,0.6125,0.3537,1.551,1.0686,6.3101,4.5332,0,0,20370,12.44,8.17
headon,waypoint,12,1234,ok,0,0,0,2,3,5,3.5665,2.9372,0.0095,1.551,1.0686,6.3101,4.5332,0,0,20370,0.91,8.14
headon,waypoint,12,1337,ok,0,0,0,2,0,2,3.5665,3.4309,0.6545,1.551,1.0686,6.3101,4.5332,0,0,20370,5.61,8.25
headon,vfield,1,8,ok,0,0,0,0,0,0,2.7258,3.495,19.3312,1.3138,0.9996,6.2092,5.0072,0,0,20450,,7.84
headon,vfield,1,11,ok,0,0,0,0,0,0,2.7258,3.4749,19.3119,1.3138,0.9996,6.2092,5.0072,0,0,20450,,8.14
headon,vfield,1,23,ok,0,0,0,0,0,0,2.7258,3.4598,19.3115,1.3138,0.9996,6.2092,5.0072,0,0,20450,,7.93
headon,vfield,1,42,ok,0,0,0,0,0,0,2.7258,3.5047,19.3268,1.3138,0.9996,6.2092,5.0072,0,0,20450,,8.06
headon,vfield,1,77,ok,0,0,0,0,0,0,2.7258,3.4559,19.3203,1.3138,0.9996,6.2092,5.0072,0,0,20450,,7.84
headon,vfield,1,101,ok,0,0,0,0,0,0,2.7258,3.4236,19.3232,1.3138,0.9996,6.2092,5.0072,0,0,20450,,7.77
headon,vfield,1,144,ok,0,0,0,0,0,0,2.7258,3.4505,19.3019,1.3138,0.9996,6.2092,5.0072,0,0,20450,,7.86
headon,vfield,1,200,ok,0,0,0,0,0,0,2.7258,3.4902,19.3203,1.3138,0.9996,6.2092,5.0072,0,0,20450,,7.72
headon,vfield,1,256,ok,0,0,0,0,0,0,2.7258,3.4688,19.3151,1.3138,0.9996,6.2092,5.0072,0,0,20450,,7.85
headon,vfield,1,314,ok,0,0,0,0,0,0,2.7258,3.4672,19.3261,1.3138,0.9996,6.2092,5.0072,0,0,20450,,7.77
headon,vfield,1,400,ok,0,0,0,0,0,0,2.7258,3.4984,19.3327,1.3138,0.9996,6.2092,5.0072,0,0,20450,,7.89
headon,vfield,1,512,ok,0,0,0,0,0,0,2.7258,3.4745,19.3247,1.3138,0.9996,6.2092,5.0072,0,0,20450,,7.74
headon,vfield,1,613,ok,0,0,0,0,0,0,2.7258,3.4544,19.3082,1.3138,0.9996,6.2092,5.0072,0,0,20450,,7.79
headon,vfield,1,700,ok,0,0,0,0,0,0,2.7258,3.454,19.2983,1.3138,0.9996,6.2092,5.0072,0,0,20450,,7.88
headon,vfield,1,808,ok,0,0,0,0,0,0,2.7258,3.4651,19.3191,1.3138,0.9996,6.2092,5.0072,0,0,20450,,7.74
headon,vfield,1,900,ok,0,0,0,0,0,0,2.7258,3.4679,19.3072,1.3138,0.9996,6.2092,5.0072,0,0,20450,,7.81
headon,vfield,1,1024,ok,0,0,0,0,0,0,2.7258,3.4818,19.3202,1.3138,0.9996,6.2092,5.0072,0,0,20450,,7.88
headon,vfield,1,1111,ok,0,0,0,0,0,0,2.7258,3.4277,19.2995,1.3138,0.9996,6.2092,5.0072,0,0,20450,,7.8
headon,vfield,1,1234,ok,0,0,0,0,0,0,2.7258,3.4874,19.3351,1.3138,0.9996,6.2092,5.0072,0,0,20450,,7.66
headon,vfield,1,1337,ok,0,0,0,0,0,0,2.7258,3.5281,19.3441,1.3138,0.9996,6.2092,5.0072,0,0,20450,,7.86
headon,vfield,2,8,ok,0,0,0,0,0,0,2.7258,3.4431,9.6802,1.3138,0.9996,6.2092,5.0072,0,0,20450,,7.86
headon,vfield,2,11,ok,0,0,0,0,0,0,2.7258,3.4441,8.1007,1.3138,0.9996,6.2092,5.0072,0,0,20450,,7.94
headon,vfield,2,23,ok,0,0,0,0,0,0,2.7258,3.4575,6.5066,1.3138,0.9996,6.2092,5.0072,0,0,20450,,7.78
headon,vfield,2,42,ok,0,0,0,0,0,0,2.7258,3.453,9.6444,1.3138,0.9996,6.2092,5.0072,0,0,20450,,7.87
headon,vfield,2,77,ok,0,0,0,0,0,0,2.7258,3.4125,6.1704,1.3138,0.9996,6.2092,5.0072,0,0,20450,,7.86
headon,vfield,2,101,ok,0,0,0,0,0,0,2.7258,3.4592,9.6621,1.3138,0.9996,6.2092,5.0072,0,0,20450,,7.91
headon,vfield,2,144,ok,0,0,0,0,0,0,2.7258,3.442,9.2926,1.3138,0.9996,6.2092,5.0072,0,0,20450,,7.85
headon,vfield,2,200,ok,0,0,0,0,0,0,2.7258,3.447,2.8205,1.3138,0.9996,6.2092,5.0072,0,0,20450,,7.85
headon,vfield,2,256,ok,0,0,0,0,0,0,2.7258,3.4468,8.5967,1.3138,0.9996,6.2092,5.0072,0,0,20450,,7.86
headon,vfield,2,314,ok,0,0,0,0,0,0,2.7258,3.4378,8.2074,1.3138,0.9996,6.2092,5.0072,0,0,20450,,7.82
headon,vfield,2,400,ok,0,0,0,0,0,0,2.7258,3.4681,7.6833,1.3138,0.9996,6.2092,5.0072,0,0,20450,,7.87
headon,vfield,2,512,ok,0,0,0,0,0,0,2.7258,3.4507,9.0994,1.3138,0.9996,6.2092,5.0072,0,0,20450,,7.76
headon,vfield,2,613,ok,0,0,0,0,0,0,2.7258,3.4413,7.6823,1.3138,0.9996,6.2092,5.0072,0,0,20450,,7.9
headon,vfield,2,700,ok,0,0,0,0,0,0,2.7258,3.4739,8.7831,1.3138,0.9996,6.2092,5.0072,0,0,20450,,7.93
headon,vfield,2,808,ok,0,0,0,0,0,0,2.7258,3.4577,8.6801,1.3138,0.9996,6.2092,5.0072,0,0,20450,,7.83
headon,vfield,2,900,ok,0,0,0,0,0,0,2.7258,3.4662,7.9458,1.3138,0.9996,6.2092,5.0072,0,0,20450,,7.97
headon,vfield,2,1024,ok,0,0,0,0,0,0,2.7258,3.4754,9.6216,1.3138,0.9996,6.2092,5.0072,0,0,20450,,7.96
headon,vfield,2,1111,ok,0,0,0,0,0,0,2.7258,3.4775,9.631,1.3138,0.9996,6.2092,5.0072,0,0,20450,,8.02
headon,vfield,2,1234,ok,0,0,0,0,0,0,2.7258,3.4128,6.4381,1.3138,0.9996,6.2092,5.0072,0,0,20450,,7.99
headon,vfield,2,1337,ok,0,0,0,0,0,0,2.7258,3.4577,7.1783,1.3138,0.9996,6.2092,5.0072,0,0,20450,,7.86
headon,vfield,3,8,ok,0,0,1,0,0,1,2.7258,0.7495,5.1389,1.3138,0.9996,6.2092,5.0072,0,0,20450,5.96,7.97
headon,vfield,3,11,ok,0,0,0,0,0,0,2.7258,1.4876,4.1693,1.3138,0.9996,6.2092,5.0072,0,0,20450,,8.0
headon,vfield,3,23,ok,0,0,0,1,0,1,2.7258,6.4736,0.7937,1.3138,0.9996,6.2092,5.0072,0,0,20450,37.31,7.92
headon,vfield,3,42,ok,0,0,0,0,0,0,2.7258,3.4136,5.9833,1.3138,0.9996,6.2092,5.0072,0,0,20450,,7.95
headon,vfield,3,77,ok,0,0,0,0,0,0,2.7258,6.884,3.0335,1.3138,0.9996,6.2092,5.0072,0,0,20450,,7.88
headon,vfield,3,101,ok,0,0,1,0,0,1,2.7258,0.523,6.933,1.3138,0.9996,6.2092,5.0072,0,0,20450,20.65,8.03
headon,vfield,3,144,ok,0,0,0,0,0,0,2.7258,1.5973,5.7501,1.3138,0.9996,6.2092,5.0072,0,0,20450,,7.99
headon,vfield,3,200,ok,0,0,1,0,0,1,2.7258,0.2514,6.6192,1.3138,0.9996,6.2092,5.0072,0,0,20450,17.36,7.83
headon,vfield,3,256,ok,0,0,1,0,0,1,2.7258,0.3395,6.314,1.3138,0.9996,6.2092,5.0072,0,0,20450,22.53,7.93
headon,vfield,3,314,ok,0,0,0,0,0,0,2.7258,2.243,4.4485,1.3138,0.9996,6.2092,5.0072,0,0,20450,,7.86
headon,vfield,3,400,ok,0,0,0,0,0,0,2.7258,1.4,4.2102,1.3138,0.9996,6.2092,5.0072,0,0,20450,,7.89
headon,vfield,3,512,ok,0,0,0,0,0,0,2.7258,2.5976,2.1757,1.3138,0.9996,6.2092,5.0072,0,0,20450,,7.86
headon,vfield,3,613,ok,0,0,0,0,0,0,2.7258,2.4553,7.3899,1.3138,0.9996,6.2092,5.0072,0,0,20450,,7.9
headon,vfield,3,700,ok,0,0,0,0,0,0,2.7258,2.1715,3.4968,1.3138,0.9996,6.2092,5.0072,0,0,20450,,7.8
headon,vfield,3,808,ok,0,0,0,0,0,0,2.7258,1.9665,3.5118,1.3138,0.9996,6.2092,5.0072,0,0,20450,,7.87
headon,vfield,3,900,ok,0,0,1,0,0,1,2.7258,0.2105,6.416,1.3138,0.9996,6.2092,5.0072,0,0,20450,8.84,7.86
headon,vfield,3,1024,ok,0,0,0,0,0,0,2.7258,3.7662,5.7479,1.3138,0.9996,6.2092,5.0072,0,0,20450,,7.94
headon,vfield,3,1111,ok,0,0,0,0,0,0,2.7258,5.9328,5.7329,1.3138,0.9996,6.2092,5.0072,0,0,20450,,7.91
headon,vfield,3,1234,ok,0,0,0,0,0,0,2.7258,3.1313,6.9221,1.3138,0.9996,6.2092,5.0072,0,0,20450,,7.86
headon,vfield,3,1337,ok,0,0,0,0,0,0,2.7258,3.6512,3.7043,1.3138,0.9996,6.2092,5.0072,0,0,20450,,7.94
headon,vfield,4,8,ok,0,0,0,0,0,0,2.7258,4.5179,1.1662,1.3138,0.9996,6.2092,5.0072,0,0,20450,,7.93
headon,vfield,4,11,ok,0,0,0,0,0,0,2.7258,2.3549,1.1751,1.3138,0.9996,6.2092,5.0072,0,0,20450,,8.03
headon,vfield,4,23,ok,0,0,0,0,0,0,2.7258,1.8471,1.8405,1.3138,0.9996,6.2092,5.0072,0,0,20450,,8.0
headon,vfield,4,42,ok,0,0,0,0,0,0,2.7258,1.8853,2.2066,1.3138,0.9996,6.2092,5.0072,0,0,20450,,7.99
headon,vfield,4,77,ok,0,0,0,0,0,0,2.7258,1.8526,1.4425,1.3138,0.9996,6.2092,5.0072,0,0,20450,,8.1
headon,vfield,4,101,ok,0,0,0,0,1,1,2.7258,6.0769,0.1024,1.3138,0.9996,6.2092,5.0072,0,0,20450,36.37,8.06
headon,vfield,4,144,ok,0,0,1,0,0,1,2.7258,0.4847,3.8353,1.3138,0.9996,6.2092,5.0072,0,0,20450,21.35,8.15
headon,vfield,4,200,ok,0,0,0,0,0,0,2.7258,2.4421,4.4487,1.3138,0.9996,6.2092,5.0072,0,0,20450,,8.14
headon,vfield,4,256,ok,0,0,0,0,0,0,2.7258,5.4434,2.0123,1.3138,0.9996,6.2092,5.0072,0,0,20450,,8.02
headon,vfield,4,314,ok,0,0,1,0,0,1,2.7258,0.2063,5.7091,1.3138,0.9996,6.2092,5.0072,0,0,20450,4.96,8.09
headon,vfield,4,400,ok,0,0,0,0,0,0,2.7258,6.6295,1.6571,1.3138,0.9996,6.2092,5.0072,0,0,20450,,8.03
headon,vfield,4,512,ok,0,0,0,0,0,0,2.7258,1.952,1.1199,1.3138,0.9996,6.2092,5.0072,0,0,20450,,8.04
headon,vfield,4,613,ok,0,0,0,0,0,0,2.7258,1.8392,6.1213,1.3138,0.9996,6.2092,5.0072,0,0,20450,,8.01
headon,vfield,4,700,ok,0,0,0,0,0,0,2.7258,1.5676,6.2697,1.3138,0.9996,6.2092,5.0072,0,0,20450,,8.04
headon,vfield,4,808,ok,0,0,1,0,0,1,2.7258,0.0731,4.5367,1.3138,0.9996,6.2092,5.0072,0,0,20450,5.13,8.05
headon,vfield,4,900,ok,0,0,0,0,0,0,2.7258,3.6338,4.1786,1.3138,0.9996,6.2092,5.0072,0,0,20450,,8.08
headon,vfield,4,1024,ok,0,0,0,0,0,0,2.7258,1.6262,6.2014,1.3138,0.9996,6.2092,5.0072,0,0,20450,,8.12
headon,vfield,4,1111,ok,0,0,0,0,0,0,2.7258,2.6138,1.6493,1.3138,0.9996,6.2092,5.0072,0,0,20450,,8.05
headon,vfield,4,1234,ok,0,0,0,0,0,0,2.7258,2.1612,6.4359,1.3138,0.9996,6.2092,5.0072,0,0,20450,,8.07
headon,vfield,4,1337,ok,0,0,0,0,0,0,2.7258,1.3614,6.4925,1.3138,0.9996,6.2092,5.0072,0,0,20450,,8.04
headon,vfield,6,8,ok,0,0,1,0,0,1,2.7258,0.8198,1.2724,1.3138,0.9996,6.2092,5.0072,0,0,20450,12.08,8.16
headon,vfield,6,11,ok,0,0,0,0,0,0,2.7258,1.549,1.716,1.3138,0.9996,6.2092,5.0072,0,0,20450,,8.19
headon,vfield,6,23,ok,0,0,1,0,0,1,2.7258,0.7332,1.4397,1.3138,0.9996,6.2092,5.0072,0,0,20450,6.97,8.16
headon,vfield,6,42,ok,0,0,0,0,1,1,2.7258,2.7474,0.321,1.3138,0.9996,6.2092,5.0072,0,0,20450,20.97,8.23
headon,vfield,6,77,ok,0,0,0,0,0,0,2.7258,2.15,1.815,1.3138,0.9996,6.2092,5.0072,0,0,20450,,8.26
headon,vfield,6,101,ok,0,0,0,0,0,0,2.7258,3.4891,2.9374,1.3138,0.9996,6.2092,5.0072,0,0,20450,,8.16
headon,vfield,6,144,ok,0,0,0,0,0,0,2.7258,1.8672,3.5186,1.3138,0.9996,6.2092,5.0072,0,0,20450,,8.15
headon,vfield,6,200,ok,0,0,1,0,0,1,2.7258,0.3951,1.1988,1.3138,0.9996,6.2092,5.0072,0,0,20450,21.85,8.16
headon,vfield,6,256,ok,0,0,1,0,0,1,2.7258,0.3947,1.278,1.3138,0.9996,6.2092,5.0072,0,0,20450,32.02,8.14
headon,vfield,6,314,ok,0,0,1,0,0,1,2.7258,0.4988,2.2511,1.3138,0.9996,6.2092,5.0072,0,0,20450,9.11,8.17
headon,vfield,6,400,ok,0,0,0,0,0,0,2.7258,2.5326,1.309,1.3138,0.9996,6.2092,5.0072,0,0,20450,,8.16
headon,vfield,6,512,ok,0,0,1,0,0,1,2.7258,0.6775,2.273,1.3138,0.9996,6.2092,5.0072,0,0,20450,18.83,8.2
headon,vfield,6,613,ok,0,0,0,0,1,1,2.7258,1.0824,0.9295,1.3138,0.9996,6.2092,5.0072,0,0,20450,34.44,8.3
headon,vfield,6,700,ok,0,0,0,0,1,1,2.7258,2.2456,0.0857,1.3138,0.9996,6.2092,5.0072,0,0,20450,-0.84,8.18
headon,vfield,6,808,ok,0,1,0,0,0,1,2.7258,0.0313,1.78,1.3138,0.9996,6.2092,5.0072,0,0,20450,22.47,8.18
headon,vfield,6,900,ok,0,0,0,0,1,1,2.7258,5.2958,0.2357,1.3138,0.9996,6.2092,5.0072,0,0,20450,23.22,8.2
headon,vfield,6,1024,ok,0,0,1,1,2,4,2.7258,0.8924,0.1356,1.3138,0.9996,6.2092,5.0072,0,0,20450,5.2,8.18
headon,vfield,6,1111,ok,0,0,0,0,2,2,2.7258,1.3537,0.5921,1.3138,0.9996,6.2092,5.0072,0,0,20450,12.69,8.15
headon,vfield,6,1234,ok,0,0,0,0,0,0,2.7258,2.7389,1.5837,1.3138,0.9996,6.2092,5.0072,0,0,20450,,8.17
headon,vfield,6,1337,ok,0,0,0,0,0,0,2.7258,1.264,3.7789,1.3138,0.9996,6.2092,5.0072,0,0,20450,,8.2
headon,vfield,8,8,ok,0,0,0,0,0,0,2.7258,1.9573,1.6742,1.3138,0.9996,6.2092,5.0072,0,0,20450,,8.39
headon,vfield,8,11,ok,0,0,0,0,0,0,2.7258,5.252,1.1669,1.3138,0.9996,6.2092,5.0072,0,0,20450,,8.36
headon,vfield,8,23,ok,0,0,0,0,0,0,2.7258,3.7221,1.0639,1.3138,0.9996,6.2092,5.0072,0,0,20450,,8.31
headon,vfield,8,42,ok,0,0,0,0,2,2,2.7258,3.2224,0.3286,1.3138,0.9996,6.2092,5.0072,0,0,20450,14.67,8.74
headon,vfield,8,77,ok,0,0,2,1,0,3,2.7258,0.2155,0.7413,1.3138,0.9996,6.2092,5.0072,0,0,20450,4.53,8.29
headon,vfield,8,101,ok,0,0,0,0,1,1,2.7258,1.9992,0.6632,1.3138,0.9996,6.2092,5.0072,0,0,20450,13.19,8.44
headon,vfield,8,144,ok,0,0,1,0,0,1,2.7258,0.4896,1.5831,1.3138,0.9996,6.2092,5.0072,0,0,20450,-4.98,8.33
headon,vfield,8,200,ok,0,0,0,1,0,1,2.7258,2.4709,0.7147,1.3138,0.9996,6.2092,5.0072,0,0,20450,15.23,8.33
headon,vfield,8,256,ok,0,0,0,0,1,1,2.7258,1.1504,0.7795,1.3138,0.9996,6.2092,5.0072,0,0,20450,17.0,8.36
headon,vfield,8,314,ok,0,0,0,0,0,0,2.7258,1.3465,1.2691,1.3138,0.9996,6.2092,5.0072,0,0,20450,,8.34
headon,vfield,8,400,ok,0,0,0,0,1,1,2.7258,1.4887,0.7505,1.3138,0.9996,6.2092,5.0072,0,0,20450,-0.29,8.29
headon,vfield,8,512,ok,0,0,0,0,1,1,2.7258,1.3991,0.6053,1.3138,0.9996,6.2092,5.0072,0,0,20450,58.94,8.28
headon,vfield,8,613,ok,0,0,0,0,0,0,2.7258,1.9035,1.4853,1.3138,0.9996,6.2092,5.0072,0,0,20450,,8.65
headon,vfield,8,700,ok,0,0,0,0,1,1,2.7258,1.3731,0.9465,1.3138,0.9996,6.2092,5.0072,0,0,20450,18.73,8.33
headon,vfield,8,808,ok,0,0,0,0,0,0,2.7258,4.0888,1.6241,1.3138,0.9996,6.2092,5.0072,0,0,20450,,8.31
headon,vfield,8,900,ok,0,0,0,0,0,0,2.7258,2.2368,1.4071,1.3138,0.9996,6.2092,5.0072,0,0,20450,,8.34
headon,vfield,8,1024,ok,0,0,1,0,1,2,2.7258,0.8819,0.5938,1.3138,0.9996,6.2092,5.0072,0,0,20450,18.15,8.33
headon,vfield,8,1111,ok,0,0,1,0,1,2,2.7258,0.0646,0.355,1.3138,0.9996,6.2092,5.0072,0,0,20450,9.99,8.47
headon,vfield,8,1234,ok,0,0,1,0,1,2,2.7258,0.0336,0.5552,1.3138,0.9996,6.2092,5.0072,0,0,20450,9.92,8.32
headon,vfield,8,1337,ok,0,0,0,0,0,0,2.7258,2.4593,1.5194,1.3138,0.9996,6.2092,5.0072,0,0,20450,,8.69
headon,vfield,12,8,ok,0,0,0,1,1,2,2.7258,3.2331,0.3031,1.3138,0.9996,6.2092,5.0072,0,0,20450,-81.99,8.78
headon,vfield,12,11,ok,0,0,3,0,3,6,2.7258,0.1777,0.0385,1.3138,0.9996,6.2092,5.0072,0,0,20450,6.62,8.75
headon,vfield,12,23,ok,0,1,1,0,2,4,2.7258,0.3244,0.5554,1.3138,0.9996,6.2092,5.0072,0,0,20450,6.67,8.78
headon,vfield,12,42,ok,0,0,0,1,1,2,2.7258,2.7565,0.3135,1.3138,0.9996,6.2092,5.0072,0,0,20450,-83.8,8.77
headon,vfield,12,77,ok,0,1,2,0,1,4,2.7258,0.0057,0.5937,1.3138,0.9996,6.2092,5.0072,0,0,20450,-53.14,8.77
headon,vfield,12,101,ok,0,0,0,0,1,1,2.7258,1.3025,0.3917,1.3138,0.9996,6.2092,5.0072,0,0,20450,35.69,8.81
headon,vfield,12,144,ok,0,0,0,1,1,2,2.7258,2.6798,0.2322,1.3138,0.9996,6.2092,5.0072,0,0,20450,-74.94,8.77
headon,vfield,12,200,ok,0,0,1,3,1,5,2.7258,0.0363,0.0969,1.3138,0.9996,6.2092,5.0072,0,0,20450,-1.91,8.83
headon,vfield,12,256,ok,0,0,0,1,0,1,2.7258,2.7521,0.883,1.3138,0.9996,6.2092,5.0072,0,0,20450,-94.21,8.74
headon,vfield,12,314,ok,0,0,1,1,0,2,2.7258,0.5111,0.7624,1.3138,0.9996,6.2092,5.0072,0,0,20450,-74.47,8.79
headon,vfield,12,400,ok,0,0,1,2,3,6,2.7258,0.9371,0.1131,1.3138,0.9996,6.2092,5.0072,0,0,20450,3.42,8.79
headon,vfield,12,512,ok,0,1,1,0,1,3,2.7258,0.6801,0.9358,1.3138,0.9996,6.2092,5.0072,0,0,20450,18.53,8.76
headon,vfield,12,613,ok,0,0,1,2,0,3,2.7258,0.4653,0.0876,1.3138,0.9996,6.2092,5.0072,0,0,20450,-4.87,8.79
headon,vfield,12,700,ok,0,0,1,0,1,2,2.7258,0.1908,0.4436,1.3138,0.9996,6.2092,5.0072,0,0,20450,23.04,8.82
headon,vfield,12,808,ok,0,0,1,1,1,3,2.7258,0.9537,0.0124,1.3138,0.9996,6.2092,5.0072,0,0,20450,10.25,8.8
headon,vfield,12,900,ok,0,1,0,0,0,1,2.7258,0.701,1.0166,1.3138,0.9996,6.2092,5.0072,0,0,20450,-44.72,8.76
headon,vfield,12,1024,ok,0,0,1,1,2,4,2.7258,0.942,0.7392,1.3138,0.9996,6.2092,5.0072,0,0,20450,11.64,8.8
headon,vfield,12,1111,ok,0,0,2,0,1,3,2.7258,0.4082,0.5823,1.3138,0.9996,6.2092,5.0072,0,0,20450,6.32,8.76
headon,vfield,12,1234,ok,0,0,2,3,1,6,2.7258,0.4274,0.0612,1.3138,0.9996,6.2092,5.0072,0,0,20450,-47.84,8.78
headon,vfield,12,1337,ok,0,0,2,0,1,3,2.7258,0.0058,0.6473,1.3138,0.9996,6.2092,5.0072,0,0,20450,8.79,8.79
cross,waypoint,1,8,ok,0,0,0,0,0,0,5.6836,1.7212,5.247,11.6757,3.1325,37.5309,12.6454,0,0,33192,,11.81
cross,waypoint,1,11,ok,0,0,0,0,0,0,5.6836,1.2271,1.9861,11.6757,3.1325,37.5309,12.6454,0,0,33192,,11.74
cross,waypoint,1,23,ok,0,0,0,0,0,0,5.6836,1.4341,5.1438,11.6757,3.1325,37.5309,12.6454,0,0,33192,,11.72
cross,waypoint,1,42,ok,0,0,0,0,0,0,5.6836,1.1965,1.9275,11.6757,3.1325,37.5309,12.6454,0,0,33192,,11.74
cross,waypoint,1,77,ok,0,0,0,0,0,0,5.6836,1.4034,2.0614,11.6757,3.1325,37.5309,12.6454,0,0,33192,,11.73
cross,waypoint,1,101,ok,0,0,0,0,0,0,5.6836,1.2323,2.5817,11.6757,3.1325,37.5309,12.6454,0,0,33192,,11.75
cross,waypoint,1,144,ok,0,0,0,0,0,0,5.6836,1.94,5.4776,11.6757,3.1325,37.5309,12.6454,0,0,33192,,11.8
cross,waypoint,1,200,ok,0,0,0,0,0,0,5.6836,1.1818,3.7353,11.6757,3.1325,37.5309,12.6454,0,0,33192,,11.74
cross,waypoint,1,256,ok,0,0,0,0,0,0,5.6836,1.9521,5.635,11.6757,3.1325,37.5309,12.6454,0,0,33192,,11.73
cross,waypoint,1,314,ok,0,0,0,0,0,0,5.6836,1.944,5.6969,11.6757,3.1325,37.5309,12.6454,0,0,33192,,11.75
cross,waypoint,1,400,ok,0,0,0,0,0,0,5.6836,1.9289,5.6954,11.6757,3.1325,37.5309,12.6454,0,0,33192,,11.76
cross,waypoint,1,512,ok,0,0,0,0,0,0,5.6836,1.2083,4.5128,11.6757,3.1325,37.5309,12.6454,0,0,33192,,11.73
cross,waypoint,1,613,ok,0,0,0,0,0,0,5.6836,1.8928,5.5159,11.6757,3.1325,37.5309,12.6454,0,0,33192,,11.8
cross,waypoint,1,700,ok,0,0,0,0,0,0,5.6836,1.9162,5.664,11.6757,3.1325,37.5309,12.6454,0,0,33192,,11.74
cross,waypoint,1,808,ok,0,0,0,0,0,0,5.6836,1.7722,5.4097,11.6757,3.1325,37.5309,12.6454,0,0,33192,,11.73
cross,waypoint,1,900,ok,0,0,0,0,0,0,5.6836,1.2264,1.8791,11.6757,3.1325,37.5309,12.6454,0,0,33192,,11.74
cross,waypoint,1,1024,ok,0,0,0,0,0,0,5.6836,1.9132,5.4494,11.6757,3.1325,37.5309,12.6454,0,0,33192,,11.72
cross,waypoint,1,1111,ok,0,0,0,0,0,0,5.6836,1.5879,5.2669,11.6757,3.1325,37.5309,12.6454,0,0,33192,,11.84
cross,waypoint,1,1234,ok,0,0,0,0,0,0,5.6836,1.5386,5.2898,11.6757,3.1325,37.5309,12.6454,0,0,33192,,11.78
cross,waypoint,1,1337,ok,0,0,0,0,0,0,5.6836,1.7631,5.4,11.6757,3.1325,37.5309,12.6454,0,0,33192,,11.7
cross,waypoint,2,8,ok,0,0,1,0,0,1,5.6836,0.8359,4.0519,11.6757,3.1325,37.5309,12.6454,0,0,33192,10.26,11.79
cross,waypoint,2,11,ok,0,0,1,0,0,1,5.6836,0.8543,4.0876,11.6757,3.1325,37.5309,12.6454,0,0,33192,10.25,11.84
cross,waypoint,2,23,ok,0,0,1,0,0,1,5.6836,0.8147,4.6762,11.6757,3.1325,37.5309,12.6454,0,0,33192,10.24,11.82
cross,waypoint,2,42,ok,0,0,1,0,0,1,5.6836,0.8179,5.9408,11.6757,3.1325,37.5309,12.6454,0,0,33192,10.25,11.83
cross,waypoint,2,77,ok,0,0,1,0,0,1,5.6836,0.8634,4.2998,11.6757,3.1325,37.5309,12.6454,0,0,33192,10.27,11.87
cross,waypoint,2,101,ok,0,0,1,0,0,1,5.6836,0.9259,5.6078,11.6757,3.1325,37.5309,12.6454,0,0,33192,10.27,11.81
cross,waypoint,2,144,ok,0,0,1,0,0,1,5.6836,0.8411,4.6934,11.6757,3.1325,37.5309,12.6454,0,0,33192,10.24,11.84
cross,waypoint,2,200,ok,0,0,1,0,0,1,5.6836,0.7157,2.8205,11.6757,3.1325,37.5309,12.6454,0,0,33192,10.2,11.82
cross,waypoint,2,256,ok,0,0,1,0,0,1,5.6836,0.8442,5.6521,11.6757,3.1325,37.5309,12.6454,0,0,33192,10.25,11.82
cross,waypoint,2,314,ok,0,0,1,0,0,1,5.6836,0.8232,5.6663,11.6757,3.1325,37.5309,12.6454,0,0,33192,10.24,11.81
cross,waypoint,2,400,ok,0,0,1,0,0,1,5.6836,0.8068,4.5625,11.6757,3.1325,37.5309,12.6454,0,0,33192,10.24,11.87
cross,waypoint,2,512,ok,0,0,1,0,0,1,5.6836,0.808,5.5761,11.6757,3.1325,37.5309,12.6454,0,0,33192,10.23,11.85
cross,waypoint,2,613,ok,0,0,1,0,0,1,5.6836,0.8242,5.6123,11.6757,3.1325,37.5309,12.6454,0,0,33192,10.24,11.8
cross,waypoint,2,700,ok,0,0,1,0,0,1,5.6836,0.8259,4.6101,11.6757,3.1325,37.5309,12.6454,0,0,33192,10.24,11.84
cross,waypoint,2,808,ok,0,0,1,0,0,1,5.6836,0.8177,5.5723,11.6757,3.1325,37.5309,12.6454,0,0,33192,10.25,11.8
cross,waypoint,2,900,ok,0,0,1,0,0,1,5.6836,0.9023,4.1939,11.6757,3.1325,37.5309,12.6454,0,0,33192,10.27,12.12
cross,waypoint,2,1024,ok,0,0,1,0,0,1,5.6836,0.8627,5.9485,11.6757,3.1325,37.5309,12.6454,0,0,33192,10.27,11.87
cross,waypoint,2,1111,ok,0,0,1,0,0,1,5.6836,0.8164,5.9813,11.6757,3.1325,37.5309,12.6454,0,0,33192,10.25,11.82
cross,waypoint,2,1234,ok,0,0,1,0,0,1,5.6836,0.8243,5.7773,11.6757,3.1325,37.5309,12.6454,0,0,33192,10.25,11.88
cross,waypoint,2,1337,ok,0,0,1,0,0,1,5.6836,0.7942,5.5063,11.6757,3.1325,37.5309,12.6454,0,0,33192,10.23,11.87
cross,waypoint,3,8,ok,0,0,0,0,0,0,5.6836,1.128,4.5752,11.6757,3.1325,37.5309,12.6454,0,0,33192,,11.88
cross,waypoint,3,11,ok,0,0,0,0,0,0,5.6836,5.5597,4.5495,11.6757,3.1325,37.5309,12.6454,0,0,33192,,11.96
cross,waypoint,3,23,ok,0,0,0,0,0,0,5.6836,3.562,4.2405,11.6757,3.1325,37.5309,12.6454,0,0,33192,,11.99
cross,waypoint,3,42,ok,0,0,0,0,0,0,5.6836,4.3743,5.9833,11.6757,3.1325,37.5309,12.6454,0,0,33192,,11.94
cross,waypoint,3,77,ok,0,0,0,0,0,0,5.6836,2.645,3.8786,11.6757,3.1325,37.5309,12.6454,0,0,33192,,11.91
cross,waypoint,3,101,ok,0,0,0,0,0,0,5.6836,2.2814,2.7518,11.6757,3.1325,37.5309,12.6454,0,0,33192,,11.93
cross,waypoint,3,144,ok,0,0,0,0,0,0,5.6836,4.2318,4.4465,11.6757,3.1325,37.5309,12.6454,0,0,33192,,11.92
cross,waypoint,3,200,ok,0,0,0,0,0,0,5.6836,3.393,2.3908,11.6757,3.1325,37.5309,12.6454,0,0,33192,,12.01
cross,waypoint,3,256,ok,0,0,0,0,0,0,5.6836,3.6211,5.5487,11.6757,3.1325,37.5309,12.6454,0,0,33192,,11.91
cross,waypoint,3,314,ok,0,0,0,0,0,0,5.6836,3.8749,3.7847,11.6757,3.1325,37.5309,12.6454,0,0,33192,,11.92
cross,waypoint,3,400,ok,0,0,0,0,0,0,5.6836,1.0942,4.7246,11.6757,3.1325,37.5309,12.6454,0,0,33192,,11.91
cross,waypoint,3,512,ok,0,0,1,0,0,1,5.6836,0.9102,2.8587,11.6757,3.1325,37.5309,12.6454,0,0,33192,10.26,11.96
cross,waypoint,3,613,ok,0,0,0,0,0,0,5.6836,4.8854,3.7952,11.6757,3.1325,37.5309,12.6454,0,0,33192,,11.96
cross,waypoint,3,700,ok,0,0,1,0,0,1,5.6836,0.8397,5.5314,11.6757,3.1325,37.5309,12.6454,0,0,33192,13.26,12.01
cross,waypoint,3,808,ok,0,0,0,0,0,0,5.6836,2.7745,4.8553,11.6757,3.1325,37.5309,12.6454,0,0,33192,,11.91
cross,waypoint,3,900,ok,0,0,0,0,0,0,5.6836,1.3352,5.6482,11.6757,3.1325,37.5309,12.6454,0,0,33192,,11.91
cross,waypoint,3,1024,ok,0,0,0,0,0,0,5.6836,4.8577,5.675,11.6757,3.1325,37.5309,12.6454,0,0,33192,,11.95
cross,waypoint,3,1111,ok,0,0,1,0,0,1,5.6836,0.1596,5.3833,11.6757,3.1325,37.5309,12.6454,0,0,33192,10.41,11.92
cross,waypoint,3,1234,ok,0,1,1,0,0,2,5.6836,0.1788,6.7003,11.6757,3.1325,37.5309,12.6454,0,0,33192,-40.29,11.93
cross,waypoint,3,1337,ok,0,0,0,0,0,0,5.6836,6.6998,1.8739,11.6757,3.1325,37.5309,12.6454,0,0,33192,,11.97
cross,waypoint,4,8,ok,0,2,0,0,0,2,5.6836,0.7136,2.3559,11.6757,3.1325,37.5309,12.6454,0,0,33192,15.65,11.99
cross,waypoint,4,11,ok,0,0,0,0,0,0,5.6836,2.9054,3.9795,11.6757,3.1325,37.5309,12.6454,0,0,33192,,12.06
cross,waypoint,4,23,ok,0,0,0,0,0,0,5.6836,1.2844,1.2291,11.6757,3.1325,37.5309,12.6454,0,0,33192,,11.98
cross,waypoint,4,42,ok,0,0,0,0,0,0,5.6836,2.5797,5.3685,11.6757,3.1325,37.5309,12.6454,0,0,33192,,12.05
cross,waypoint,4,77,ok,0,1,1,0,0,2,5.6836,0.4435,1.3779,11.6757,3.1325,37.5309,12.6454,0,0,33192,14.38,12.04
cross,waypoint,4,101,ok,0,0,0,0,1,1,5.6836,4.3574,0.8058,11.6757,3.1325,37.5309,12.6454,0,0,33192,-5.59,12.06
cross,waypoint,4,144,ok,0,0,1,0,0,1,5.6836,0.6841,3.1324,11.6757,3.1325,37.5309,12.6454,0,0,33192,12.46,12.03
cross,waypoint,4,200,ok,0,1,0,0,0,1,5.6836,0.7456,2.123,11.6757,3.1325,37.5309,12.6454,0,0,33192,7.76,12.02
cross,waypoint,4,256,ok,0,0,0,0,0,0,5.6836,2.8406,4.6817,11.6757,3.1325,37.5309,12.6454,0,0,33192,,12.03
cross,waypoint,4,314,ok,0,0,2,1,0,3,5.6836,0.1772,0.1581,11.6757,3.1325,37.5309,12.6454,0,0,33192,-40.16,12.05
cross,waypoint,4,400,ok,0,0,1,0,0,1,5.6836,0.1047,2.9862,11.6757,3.1325,37.5309,12.6454,0,0,33192,-40.29,12.03
cross,waypoint,4,512,ok,0,0,0,0,0,0,5.6836,3.1085,5.5654,11.6757,3.1325,37.5309,12.6454,0,0,33192,,12.08
cross,waypoint,4,613,ok,0,0,1,0,0,1,5.6836,0.8956,2.2163,11.6757,3.1325,37.5309,12.6454,0,0,33192,8.82,12.04
cross,waypoint,4,700,ok,0,0,0,0,0,0,5.6836,2.5834,1.7175,11.6757,3.1325,37.5309,12.6454,0,0,33192,,12.02
cross,waypoint,4,808,ok,0,0,0,0,0,0,5.6836,3.2085,1.0007,11.6757,3.1325,37.5309,12.6454,0,0,33192,,12.03
cross,waypoint,4,900,ok,0,0,1,0,0,1,5.6836,0.8825,2.1295,11.6757,3.1325,37.5309,12.6454,0,0,33192,12.84,12.02
cross,waypoint,4,1024,ok,0,1,0,0,0,1,5.6836,0.4431,1.24,11.6757,3.1325,37.5309,12.6454,0,0,33192,155.16,12.07
cross,waypoint,4,1111,ok,0,0,0,0,0,0,5.6836,3.2278,1.6246,11.6757,3.1325,37.5309,12.6454,0,0,33192,,12.01
cross,waypoint,4,1234,ok,0,0,1,0,2,3,5.6836,0.4508,0.2936,11.6757,3.1325,37.5309,12.6454,0,0,33192,-40.1,12.05
cross,waypoint,4,1337,ok,0,0,0,0,0,0,5.6836,1.0658,1.3796,11.6757,3.1325,37.5309,12.6454,0,0,33192,,12.04
cross,waypoint,6,8,ok,0,0,2,0,0,2,5.6836,0.2535,1.6736,11.6757,3.1325,37.5309,12.6454,0,0,33192,-38.58,12.22
cross,waypoint,6,11,ok,0,0,0,0,1,1,5.6836,3.2934,0.2941,11.6757,3.1325,37.5309,12.6454,0,0,33192,-25.4,12.33
cross,waypoint,6,23,ok,0,0,0,0,1,1,5.6836,3.0946,0.0343,11.6757,3.1325,37.5309,12.6454,0,0,33192,-22.04,12.41
cross,waypoint,6,42,ok,0,0,1,1,0,2,5.6836,0.1776,0.7132,11.6757,3.1325,37.5309,12.6454,0,0,33192,-30.81,12.33
cross,waypoint,6,77,ok,0,0,1,0,0,1,5.6836,0.5677,1.5479,11.6757,3.1325,37.5309,12.6454,0,0,33192,15.93,12.2
cross,waypoint,6,101,ok,0,0,0,0,1,1,5.6836,2.1526,0.8733,11.6757,3.1325,37.5309,12.6454,0,0,33192,-40.32,12.56
cross,waypoint,6,144,ok,0,0,1,0,1,2,5.6836,0.9196,0.7813,11.6757,3.1325,37.5309,12.6454,0,0,33192,5.34,12.24
cross,waypoint,6,200,ok,0,0,1,0,0,1,5.6836,0.7049,2.0696,11.6757,3.1325,37.5309,12.6454,0,0,33192,15.3,12.26
cross,waypoint,6,256,ok,0,0,0,0,0,0,5.6836,1.8162,1.8778,11.6757,3.1325,37.5309,12.6454,0,0,33192,,12.26
cross,waypoint,6,314,ok,0,0,0,0,0,0,5.6836,1.2228,2.1528,11.6757,3.1325,37.5309,12.6454,0,0,33192,,12.23
cross,waypoint,6,400,ok,0,0,0,0,0,0,5.6836,1.3822,2.0493,11.6757,3.1325,37.5309,12.6454,0,0,33192,,12.23
cross,waypoint,6,512,ok,0,1,0,1,1,3,5.6836,0.9577,0.2203,11.6757,3.1325,37.5309,12.6454,0,0,33192,-28.14,12.22
cross,waypoint,6,613,ok,0,0,0,0,1,1,5.6836,2.8274,0.3749,11.6757,3.1325,37.5309,12.6454,0,0,33192,35.72,12.23
cross,waypoint,6,700,ok,0,0,2,0,1,3,5.6836,0.2907,0.1403,11.6757,3.1325,37.5309,12.6454,0,0,33192,-31.5,12.28
cross,waypoint,6,808,ok,0,0,0,0,2,2,5.6836,1.2038,0.6853,11.6757,3.1325,37.5309,12.6454,0,0,33192,-5.16,12.2
cross,waypoint,6,900,ok,0,0,0,0,0,0,5.6836,1.4308,1.1669,11.6757,3.1325,37.5309,12.6454,0,0,33192,,12.23
cross,waypoint,6,1024,ok,0,0,1,0,1,2,5.6836,0.5264,0.8517,11.6757,3.1325,37.5309,12.6454,0,0,33192,-34.14,12.24
cross,waypoint,6,1111,ok,0,1,0,0,0,1,5.6836,0.7161,2.1509,11.6757,3.1325,37.5309,12.6454,0,0,33192,40.24,12.23
cross,waypoint,6,1234,ok,0,0,1,0,0,1,5.6836,0.4101,1.5755,11.6757,3.1325,37.5309,12.6454,0,0,33192,13.43,12.24
cross,waypoint,6,1337,ok,0,1,0,0,1,2,5.6836,0.7238,0.718,11.6757,3.1325,37.5309,12.6454,0,0,33192,-28.63,12.28
cross,waypoint,8,8,ok,0,0,0,2,2,4,5.6836,2.3373,0.0251,11.6757,3.1325,37.5309,12.6454,0,0,33192,-33.27,12.5
cross,waypoint,8,11,ok,0,1,1,0,0,2,5.6836,0.7821,1.614,11.6757,3.1325,37.5309,12.6454,0,0,33192,-39.8,12.53
cross,waypoint,8,23,ok,0,1,1,0,1,3,5.6836,0.5776,0.8019,11.6757,3.1325,37.5309,12.6454,0,0,33192,8.27,12.49
cross,waypoint,8,42,ok,0,1,0,0,2,3,5.6836,0.1944,0.0544,11.6757,3.1325,37.5309,12.6454,0,0,33192,3.97,12.48
cross,waypoint,8,77,ok,0,0,1,0,1,2,5.6836,0.242,0.053,11.6757,3.1325,37.5309,12.6454,0,0,33192,8.32,12.5
cross,waypoint,8,101,ok,0,0,1,1,0,2,5.6836,0.5374,0.4307,11.6757,3.1325,37.5309,12.6454,0,0,33192,13.64,12.48
cross,waypoint,8,144,ok,0,0,0,1,0,1,5.6836,2.1793,0.3094,11.6757,3.1325,37.5309,12.6454,0,0,33192,-24.99,12.49
cross,waypoint,8,200,ok,0,0,0,0,0,0,5.6836,1.6891,1.3438,11.6757,3.1325,37.5309,12.6454,0,0,33192,,12.48
cross,waypoint,8,256,ok,0,0,1,1,0,2,5.6836,0.5767,0.1896,11.6757,3.1325,37.5309,12.6454,0,0,33192,15.85,12.58
cross,waypoint,8,314,ok,0,1,0,2,0,3,5.6836,0.8933,0.5187,11.6757,3.1325,37.5309,12.6454,0,0,33192,-18.97,12.47
cross,waypoint,8,400,ok,0,1,0,1,2,4,5.6836,0.7787,0.2121,11.6757,3.1325,37.5309,12.6454,0,0,33192,-36.59,12.56
cross,waypoint,8,512,ok,0,0,1,1,0,2,5.6836,0.4958,0.3865,11.6757,3.1325,37.5309,12.6454,0,0,33192,9.62,12.48
cross,waypoint,8,613,ok,0,0,0,0,0,0,5.6836,1.7926,1.4853,11.6757,3.1325,37.5309,12.6454,0,0,33192,,12.51
cross,waypoint,8,700,ok,0,0,0,0,1,1,5.6836,1.1674,0.0951,11.6757,3.1325,37.5309,12.6454,0,0,33192,-19.58,12.52
cross,waypoint,8,808,ok,0,0,1,1,0,2,5.6836,0.3885,0.9079,11.6757,3.1325,37.5309,12.6454,0,0,33192,-124.32,12.48
cross,waypoint,8,900,ok,0,0,0,0,1,1,5.6836,2.8443,0.1964,11.6757,3.1325,37.5309,12.6454,0,0,33192,45.66,12.54
cross,waypoint,8,1024,ok,0,0,1,0,1,2,5.6836,0.2926,0.6517,11.6757,3.1325,37.5309,12.6454,0,0,33192,26.53,12.49
cross,waypoint,8,1111,ok,0,0,0,1,2,3,5.6836,1.1806,0.8567,11.6757,3.1325,37.5309,12.6454,0,0,33192,-17.54,12.49
cross,waypoint,8,1234,ok,0,0,0,1,2,3,5.6836,2.9634,0.1549,11.6757,3.1325,37.5309,12.6454,0,0,33192,-30.1,12.54
cross,waypoint,8,1337,ok,0,1,0,1,1,3,5.6836,0.2696,0.6377,11.6757,3.1325,37.5309,12.6454,0,0,33192,-26.59,12.44
cross,waypoint,12,8,ok,0,1,1,2,1,5,5.6836,0.2523,0.2729,11.6757,3.1325,37.5309,12.6454,0,0,33192,-156.23,13.32
cross,waypoint,12,11,ok,0,1,0,1,2,4,5.6836,0.9681,0.5282,11.6757,3.1325,37.5309,12.6454,0,0,33192,-36.64,13.34
cross,waypoint,12,23,ok,0,1,0,1,1,3,5.6836,0.8501,0.1323,11.6757,3.1325,37.5309,12.6454,0,0,33192,-78.24,13.24
cross,waypoint,12,42,ok,0,0,0,1,0,1,5.6836,1.7727,0.3135,11.6757,3.1325,37.5309,12.6454,0,0,33192,-158.04,13.24
cross,waypoint,12,77,ok,0,1,2,3,1,7,5.6836,0.0061,0.1895,11.6757,3.1325,37.5309,12.6454,0,0,33192,-127.75,13.25
cross,waypoint,12,101,ok,0,0,0,1,0,1,5.6836,1.1007,0.7647,11.6757,3.1325,37.5309,12.6454,0,0,33192,111.7,13.28
cross,waypoint,12,144,ok,0,1,0,3,2,6,5.6836,0.8231,0.2322,11.6757,3.1325,37.5309,12.6454,0,0,33192,-149.18,13.28
cross,waypoint,12,200,ok,0,0,3,4,2,9,5.6836,0.0261,0.115,11.6757,3.1325,37.5309,12.6454,0,0,33192,-20.01,13.23
cross,waypoint,12,256,ok,0,0,0,1,0,1,5.6836,2.0639,0.883,11.6757,3.1325,37.5309,12.6454,0,0,33192,-168.45,13.24
cross,waypoint,12,314,ok,0,0,2,3,2,7,5.6836,0.1499,0.2368,11.6757,3.1325,37.5309,12.6454,0,0,33192,-148.71,13.26
cross,waypoint,12,400,ok,0,0,0,0,1,1,5.6836,1.0776,0.6461,11.6757,3.1325,37.5309,12.6454,0,0,33192,28.53,13.27
cross,waypoint,12,512,ok,0,2,0,0,1,3,5.6836,0.9124,0.7943,11.6757,3.1325,37.5309,12.6454,0,0,33192,-26.9,13.33
cross,waypoint,12,613,ok,0,0,0,0,1,1,5.6836,1.78,0.9941,11.6757,3.1325,37.5309,12.6454,0,0,33192,33.33,13.62
cross,waypoint,12,700,ok,0,0,0,0,3,3,5.6836,1.3909,0.0176,11.6757,3.1325,37.5309,12.6454,0,0,33192,-28.41,13.29
cross,waypoint,12,808,ok,0,1,0,2,4,7,5.6836,0.9001,0.5965,11.6757,3.1325,37.5309,12.6454,0,0,33192,-39.1,13.25
cross,waypoint,12,900,ok,0,2,0,1,1,4,5.6836,0.0123,0.0274,11.6757,3.1325,37.5309,12.6454,0,0,33192,-120.06,13.24
cross,waypoint,12,1024,ok,0,0,0,2,3,5,5.6836,2.9166,0.2325,11.6757,3.1325,37.5309,12.6454,0,0,33192,-29.99,13.27
cross,waypoint,12,1111,ok,0,0,1,1,4,6,5.6836,0.3285,0.0927,11.6757,3.1325,37.5309,12.6454,0,0,33192,-32.24,13.25
cross,waypoint,12,1234,ok,0,1,0,2,1,4,5.6836,0.7465,0.3457,11.6757,3.1325,37.5309,12.6454,0,0,33192,-121.98,13.23
cross,waypoint,12,1337,ok,0,3,0,0,1,4,5.6836,0.0259,0.1282,11.6757,3.1325,37.5309,12.6454,0,0,33192,4.32,13.26
cross,vfield,1,8,ok,0,0,0,0,0,0,7.2348,8.1286,9.9772,1.9405,0.2643,10.0172,1.6734,0,0,31430,,11.67
cross,vfield,1,11,ok,0,0,0,0,0,0,7.2348,8.1281,9.9748,1.9405,0.2643,10.0172,1.6734,0,0,31430,,11.68
cross,vfield,1,23,ok,0,0,0,0,0,0,7.2348,8.1293,9.9761,1.9405,0.2643,10.0172,1.6734,0,0,31430,,11.73
cross,vfield,1,42,ok,0,0,0,0,0,0,7.2348,8.1284,9.9791,1.9405,0.2643,10.0172,1.6734,0,0,31430,,11.71
cross,vfield,1,77,ok,0,0,0,0,0,0,7.2348,8.1287,9.9776,1.9405,0.2643,10.0172,1.6734,0,0,31430,,11.67
cross,vfield,1,101,ok,0,0,0,0,0,0,7.2348,8.1331,9.9785,1.9405,0.2643,10.0172,1.6734,0,0,31430,,11.65
cross,vfield,1,144,ok,0,0,0,0,0,0,7.2348,8.1251,9.9752,1.9405,0.2643,10.0172,1.6734,0,0,31430,,11.7
cross,vfield,1,200,ok,0,0,0,0,0,0,7.2348,8.1329,9.9776,1.9405,0.2643,10.0172,1.6734,0,0,31430,,11.68
cross,vfield,1,256,ok,0,0,0,0,0,0,7.2348,8.1282,9.9793,1.9405,0.2643,10.0172,1.6734,0,0,31430,,11.76
cross,vfield,1,314,ok,0,0,0,0,0,0,7.2348,8.1325,9.9782,1.9405,0.2643,10.0172,1.6734,0,0,31430,,11.7
cross,vfield,1,400,ok,0,0,0,0,0,0,7.2348,8.1331,9.9706,1.9405,0.2643,10.0172,1.6734,0,0,31430,,11.66
cross,vfield,1,512,ok,0,0,0,0,0,0,7.2348,8.1285,9.974,1.9405,0.2643,10.0172,1.6734,0,0,31430,,11.67
cross,vfield,1,613,ok,0,0,0,0,0,0,7.2348,8.1311,9.9776,1.9405,0.2643,10.0172,1.6734,0,0,31430,,11.67
cross,vfield,1,700,ok,0,0,0,0,0,0,7.2348,8.1311,9.9769,1.9405,0.2643,10.0172,1.6734,0,0,31430,,11.71
cross,vfield,1,808,ok,0,0,0,0,0,0,7.2348,8.1243,9.9789,1.9405,0.2643,10.0172,1.6734,0,0,31430,,11.76
cross,vfield,1,900,ok,0,0,0,0,0,0,7.2348,8.1326,9.9754,1.9405,0.2643,10.0172,1.6734,0,0,31430,,11.7
cross,vfield,1,1024,ok,0,0,0,0,0,0,7.2348,8.1325,9.9805,1.9405,0.2643,10.0172,1.6734,0,0,31430,,11.67
cross,vfield,1,1111,ok,0,0,0,0,0,0,7.2348,8.1285,9.9782,1.9405,0.2643,10.0172,1.6734,0,0,31430,,11.7
cross,vfield,1,1234,ok,0,0,0,0,0,0,7.2348,8.1315,9.9713,1.9405,0.2643,10.0172,1.6734,0,0,31430,,11.74
cross,vfield,1,1337,ok,0,0,0,0,0,0,7.2348,8.1305,9.9758,1.9405,0.2643,10.0172,1.6734,0,0,31430,,11.89
cross,vfield,2,8,ok,0,0,0,0,0,0,7.2348,7.3682,4.5835,1.9405,0.2643,10.0172,1.6734,0,0,31430,,11.82
cross,vfield,2,11,ok,0,0,0,0,0,0,7.2348,7.3723,4.8187,1.9405,0.2643,10.0172,1.6734,0,0,31430,,11.8
cross,vfield,2,23,ok,0,0,0,0,0,0,7.2348,7.3745,4.851,1.9405,0.2643,10.0172,1.6734,0,0,31430,,11.77
cross,vfield,2,42,ok,0,0,0,0,0,0,7.2348,7.3781,4.8865,1.9405,0.2643,10.0172,1.6734,0,0,31430,,11.77
cross,vfield,2,77,ok,0,0,0,0,0,0,7.2348,7.3756,4.8123,1.9405,0.2643,10.0172,1.6734,0,0,31430,,11.83
cross,vfield,2,101,ok,0,0,0,0,0,0,7.2348,7.369,4.618,1.9405,0.2643,10.0172,1.6734,0,0,31430,,11.8
cross,vfield,2,144,ok,0,0,0,0,0,0,7.2348,7.3728,4.825,1.9405,0.2643,10.0172,1.6734,0,0,31430,,11.86
cross,vfield,2,200,ok,0,0,0,0,0,0,7.2348,7.3738,2.8205,1.9405,0.2643,10.0172,1.6734,0,0,31430,,11.77
cross,vfield,2,256,ok,0,0,0,0,0,0,7.2348,7.3753,4.7397,1.9405,0.2643,10.0172,1.6734,0,0,31430,,11.81
cross,vfield,2,314,ok,0,0,0,0,0,0,7.2348,7.3708,4.8392,1.9405,0.2643,10.0172,1.6734,0,0,31430,,11.82
cross,vfield,2,400,ok,0,0,0,0,0,0,7.2348,7.37,4.6314,1.9405,0.2643,10.0172,1.6734,0,0,31430,,11.82
cross,vfield,2,512,ok,0,0,0,0,0,0,7.2348,7.3711,4.7255,1.9405,0.2643,10.0172,1.6734,0,0,31430,,11.89
cross,vfield,2,613,ok,0,0,0,0,0,0,7.2348,7.3611,4.5141,1.9405,0.2643,10.0172,1.6734,0,0,31430,,11.82
cross,vfield,2,700,ok,0,0,0,0,0,0,7.2348,7.3623,4.6563,1.9405,0.2643,10.0172,1.6734,0,0,31430,,11.81
cross,vfield,2,808,ok,0,0,0,0,0,0,7.2348,7.3775,4.8342,1.9405,0.2643,10.0172,1.6734,0,0,31430,,11.92
cross,vfield,2,900,ok,0,0,0,0,0,0,7.2348,7.3657,4.6772,1.9405,0.2643,10.0172,1.6734,0,0,31430,,11.78
cross,vfield,2,1024,ok,0,0,0,0,0,0,7.2348,7.3715,4.68,1.9405,0.2643,10.0172,1.6734,0,0,31430,,11.77
cross,vfield,2,1111,ok,0,0,0,0,0,0,7.2348,7.3739,4.7982,1.9405,0.2643,10.0172,1.6734,0,0,31430,,11.85
cross,vfield,2,1234,ok,0,0,0,0,0,0,7.2348,7.3659,4.6707,1.9405,0.2643,10.0172,1.6734,0,0,31430,,11.83
cross,vfield,2,1337,ok,0,0,0,0,0,0,7.2348,7.3682,4.7111,1.9405,0.2643,10.0172,1.6734,0,0,31430,,11.8
cross,vfield,3,8,ok,0,0,0,0,0,0,7.2348,7.8556,7.0797,1.9405,0.2643,10.0172,1.6734,0,0,31430,,11.87
cross,vfield,3,11,ok,0,0,0,0,0,0,7.2348,4.4034,5.1138,1.9405,0.2643,10.0172,1.6734,0,0,31430,,11.9
cross,vfield,3,23,ok,0,0,0,0,0,0,7.2348,7.7164,6.6053,1.9405,0.2643,10.0172,1.6734,0,0,31430,,12.28
cross,vfield,3,42,ok,0,0,0,0,0,0,7.2348,6.5052,5.6396,1.9405,0.2643,10.0172,1.6734,0,0,31430,,11.97
cross,vfield,3,77,ok,0,0,0,0,0,0,7.2348,2.134,6.5389,1.9405,0.2643,10.0172,1.6734,0,0,31430,,11.9
cross,vfield,3,101,ok,0,0,0,0,0,0,7.2348,2.1544,5.5506,1.9405,0.2643,10.0172,1.6734,0,0,31430,,11.87
cross,vfield,3,144,ok,0,0,0,0,0,0,7.2348,6.3947,4.6478,1.9405,0.2643,10.0172,1.6734,0,0,31430,,11.86
cross,vfield,3,200,ok,0,0,0,0,0,0,7.2348,1.2283,4.5139,1.9405,0.2643,10.0172,1.6734,0,0,31430,,11.88
cross,vfield,3,256,ok,0,0,0,0,0,0,7.2348,6.4576,5.165,1.9405,0.2643,10.0172,1.6734,0,0,31430,,11.92
cross,vfield,3,314,ok,0,0,0,0,0,0,7.2348,2.0716,6.1334,1.9405,0.2643,10.0172,1.6734,0,0,31430,,11.95
cross,vfield,3,400,ok,0,0,0,0,0,0,7.2348,3.4266,4.4296,1.9405,0.2643,10.0172,1.6734,0,0,31430,,11.89
cross,vfield,3,512,ok,0,0,0,0,0,0,7.2348,6.3468,2.6491,1.9405,0.2643,10.0172,1.6734,0,0,31430,,11.87
cross,vfield,3,613,ok,0,0,0,0,0,0,7.2348,4.365,6.028,1.9405,0.2643,10.0172,1.6734,0,0,31430,,11.86
cross,vfield,3,700,ok,0,0,0,0,0,0,7.2348,1.7791,5.3977,1.9405,0.2643,10.0172,1.6734,0,0,31430,,11.88
cross,vfield,3,808,ok,0,0,0,0,0,0,7.2348,6.5022,1.8357,1.9405,0.2643,10.0172,1.6734,0,0,31430,,11.9
cross,vfield,3,900,ok,0,0,0,0,0,0,7.2348,3.872,6.416,1.9405,0.2643,10.0172,1.6734,0,0,31430,,11.91
cross,vfield,3,1024,ok,0,0,0,0,0,0,7.2348,3.5835,5.4301,1.9405,0.2643,10.0172,1.6734,0,0,31430,,11.86
cross,vfield,3,1111,ok,0,0,0,0,0,0,7.2348,7.1411,5.5515,1.9405,0.2643,10.0172,1.6734,0,0,31430,,11.86
cross,vfield,3,1234,ok,0,0,0,0,0,0,7.2348,2.1151,6.6104,1.9405,0.2643,10.0172,1.6734,0,0,31430,,11.89
cross,vfield,3,1337,ok,0,0,0,0,0,0,7.2348,7.8742,3.5668,1.9405,0.2643,10.0172,1.6734,0,0,31430,,11.89
cross,vfield,4,8,ok,0,0,0,0,0,0,7.2348,4.2385,2.0637,1.9405,0.2643,10.0172,1.6734,0,0,31430,,11.98
cross,vfield,4,11,ok,0,0,0,0,0,0,7.2348,1.3234,4.7976,1.9405,0.2643,10.0172,1.6734,0,0,31430,,12.03
cross,vfield,4,23,ok,0,0,0,0,0,0,7.2348,3.4888,1.1046,1.9405,0.2643,10.0172,1.6734,0,0,31430,,11.98
cross,vfield,4,42,ok,0,0,0,0,0,0,7.2348,3.416,2.0382,1.9405,0.2643,10.0172,1.6734,0,0,31430,,11.95
cross,vfield,4,77,ok,0,0,0,0,0,0,7.2348,3.607,1.9659,1.9405,0.2643,10.0172,1.6734,0,0,31430,,12.02
cross,vfield,4,101,ok,0,0,0,0,0,0,7.2348,6.5495,2.0549,1.9405,0.2643,10.0172,1.6734,0,0,31430,,11.96
cross,vfield,4,144,ok,0,0,0,0,0,0,7.2348,2.4956,4.6168,1.9405,0.2643,10.0172,1.6734,0,0,31430,,12.03
cross,vfield,4,200,ok,0,0,0,0,0,0,7.2348,6.4566,2.6937,1.9405,0.2643,10.0172,1.6734,0,0,31430,,11.97
cross,vfield,4,256,ok,0,0,1,0,0,1,7.2348,0.8752,5.3637,1.9405,0.2643,10.0172,1.6734,0,0,31430,-7.07,12.02
cross,vfield,4,314,ok,0,0,1,0,0,1,7.2348,0.1314,3.7804,1.9405,0.2643,10.0172,1.6734,0,0,31430,-6.32,11.95
cross,vfield,4,400,ok,0,0,0,0,0,0,7.2348,3.2388,2.9462,1.9405,0.2643,10.0172,1.6734,0,0,31430,,11.98
cross,vfield,4,512,ok,0,0,0,0,0,0,7.2348,6.0486,3.1488,1.9405,0.2643,10.0172,1.6734,0,0,31430,,11.93
cross,vfield,4,613,ok,0,0,0,0,0,0,7.2348,3.9345,1.788,1.9405,0.2643,10.0172,1.6734,0,0,31430,,12.04
cross,vfield,4,700,ok,0,0,0,0,0,0,7.2348,6.0692,3.2357,1.9405,0.2643,10.0172,1.6734,0,0,31430,,12.74
cross,vfield,4,808,ok,0,0,0,0,0,0,7.2348,3.1924,1.3059,1.9405,0.2643,10.0172,1.6734,0,0,31430,,12.66
cross,vfield,4,900,ok,0,2,0,0,0,2,7.2348,0.565,3.7756,1.9405,0.2643,10.0172,1.6734,0,0,31430,8.82,12.0
cross,vfield,4,1024,ok,0,0,0,0,0,0,7.2348,1.0525,1.0869,1.9405,0.2643,10.0172,1.6734,0,0,31430,,11.97
cross,vfield,4,1111,ok,0,0,0,0,0,0,7.2348,4.3942,1.6493,1.9405,0.2643,10.0172,1.6734,0,0,31430,,11.97
cross,vfield,4,1234,ok,0,0,1,0,0,1,7.2348,0.9873,1.7855,1.9405,0.2643,10.0172,1.6734,0,0,31430,-6.6,12.01
cross,vfield,4,1337,ok,0,0,0,0,0,0,7.2348,4.6606,3.2795,1.9405,0.2643,10.0172,1.6734,0,0,31430,,11.97
cross,vfield,6,8,ok,0,0,0,0,0,0,7.2348,1.5423,2.1017,1.9405,0.2643,10.0172,1.6734,0,0,31430,,12.21
cross,vfield,6,11,ok,0,0,0,0,1,1,7.2348,3.4621,0.1914,1.9405,0.2643,10.0172,1.6734,0,0,31430,35.46,12.16
cross,vfield,6,23,ok,0,1,0,0,0,1,7.2348,0.7606,1.0618,1.9405,0.2643,10.0172,1.6734,0,0,31430,14.41,12.2
cross,vfield,6,42,ok,0,0,0,1,0,1,7.2348,1.4519,0.7055,1.9405,0.2643,10.0172,1.6734,0,0,31430,5.39,12.17
cross,vfield,6,77,ok,0,0,0,0,0,0,7.2348,1.3591,2.3105,1.9405,0.2643,10.0172,1.6734,0,0,31430,,12.17
cross,vfield,6,101,ok,0,1,0,0,1,2,7.2348,0.2234,0.4335,1.9405,0.2643,10.0172,1.6734,0,0,31430,13.73,12.25
cross,vfield,6,144,ok,0,0,0,0,0,0,7.2348,2.3164,1.3471,1.9405,0.2643,10.0172,1.6734,0,0,31430,,12.21
cross,vfield,6,200,ok,0,0,0,0,1,1,7.2348,3.4687,0.0864,1.9405,0.2643,10.0172,1.6734,0,0,31430,48.42,12.19
cross,vfield,6,256,ok,0,0,0,1,0,1,7.2348,3.4541,0.5117,1.9405,0.2643,10.0172,1.6734,0,0,31430,42.43,12.2
cross,vfield,6,314,ok,0,0,1,0,0,1,7.2348,0.8444,1.0275,1.9405,0.2643,10.0172,1.6734,0,0,31430,37.09,12.23
cross,vfield,6,400,ok,0,1,0,1,0,2,7.2348,0.5016,0.4328,1.9405,0.2643,10.0172,1.6734,0,0,31430,-3.68,12.55
cross,vfield,6,512,ok,0,0,1,0,0,1,7.2348,0.7057,1.6703,1.9405,0.2643,10.0172,1.6734,0,0,31430,34.44,14.94
cross,vfield,6,613,ok,0,1,0,1,0,2,7.2348,0.9872,0.1585,1.9405,0.2643,10.0172,1.6734,0,0,31430,-7.4,13.11
cross,vfield,6,700,ok,0,0,0,0,0,0,7.2348,3.2522,1.0323,1.9405,0.2643,10.0172,1.6734,0,0,31430,,12.4
cross,vfield,6,808,ok,0,0,0,0,1,1,7.2348,2.1955,0.2113,1.9405,0.2643,10.0172,1.6734,0,0,31430,45.06,12.22
cross,vfield,6,900,ok,0,1,1,0,0,2,7.2348,0.1487,4.1724,1.9405,0.2643,10.0172,1.6734,0,0,31430,-6.36,12.21
cross,vfield,6,1024,ok,0,0,0,0,0,0,7.2348,2.2195,1.7194,1.9405,0.2643,10.0172,1.6734,0,0,31430,,12.16
cross,vfield,6,1111,ok,0,0,0,1,0,1,7.2348,5.0776,0.8989,1.9405,0.2643,10.0172,1.6734,0,0,31430,8.61,12.22
cross,vfield,6,1234,ok,0,0,0,0,1,1,7.2348,3.0282,0.6909,1.9405,0.2643,10.0172,1.6734,0,0,31430,6.41,12.2
cross,vfield,6,1337,ok,0,0,0,0,0,0,7.2348,2.5712,1.6076,1.9405,0.2643,10.0172,1.6734,0,0,31430,,12.19
cross,vfield,8,8,ok,0,1,0,0,0,1,7.2348,0.7064,1.0529,1.9405,0.2643,10.0172,1.6734,0,0,31430,14.52,12.45
cross,vfield,8,11,ok,0,1,0,0,2,3,7.2348,0.1431,0.0233,1.9405,0.2643,10.0172,1.6734,0,0,31430,0.57,12.4
cross,vfield,8,23,ok,0,1,0,0,0,1,7.2348,0.2018,1.0821,1.9405,0.2643,10.0172,1.6734,0,0,31430,14.62,12.41
cross,vfield,8,42,ok,0,0,1,0,2,3,7.2348,0.7349,0.2251,1.9405,0.2643,10.0172,1.6734,0,0,31430,-3.6,12.41
cross,vfield,8,77,ok,0,0,0,0,4,4,7.2348,2.231,0.4694,1.9405,0.2643,10.0172,1.6734,0,0,31430,7.57,12.37
cross,vfield,8,101,ok,0,0,0,0,1,1,7.2348,1.223,0.1242,1.9405,0.2643,10.0172,1.6734,0,0,31430,35.79,12.4
cross,vfield,8,144,ok,0,1,1,0,0,2,7.2348,0.0331,1.4807,1.9405,0.2643,10.0172,1.6734,0,0,31430,9.59,12.41
cross,vfield,8,200,ok,0,0,0,0,0,0,7.2348,3.1583,1.1465,1.9405,0.2643,10.0172,1.6734,0,0,31430,,12.44
cross,vfield,8,256,ok,0,0,1,1,0,2,7.2348,0.52,0.1314,1.9405,0.2643,10.0172,1.6734,0,0,31430,-30.62,12.37
cross,vfield,8,314,ok,0,0,0,2,1,3,7.2348,2.2993,0.6055,1.9405,0.2643,10.0172,1.6734,0,0,31430,9.31,12.39
cross,vfield,8,400,ok,0,0,1,0,0,1,7.2348,0.5472,1.4373,1.9405,0.2643,10.0172,1.6734,0,0,31430,19.96,12.36
cross,vfield,8,512,ok,0,0,0,0,0,0,7.2348,3.018,2.4497,1.9405,0.2643,10.0172,1.6734,0,0,31430,,12.39
cross,vfield,8,613,ok,0,1,0,0,0,1,7.2348,0.9532,1.4853,1.9405,0.2643,10.0172,1.6734,0,0,31430,59.46,12.38
cross,vfield,8,700,ok,0,2,0,0,2,4,7.2348,0.0479,0.4033,1.9405,0.2643,10.0172,1.6734,0,0,31430,-4.72,12.38
cross,vfield,8,808,ok,0,0,0,0,1,1,7.2348,2.4664,0.0875,1.9405,0.2643,10.0172,1.6734,0,0,31430,0.36,12.36
cross,vfield,8,900,ok,0,0,0,0,0,0,7.2348,1.3646,1.559,1.9405,0.2643,10.0172,1.6734,0,0,31430,,12.38
cross,vfield,8,1024,ok,0,0,0,0,2,2,7.2348,2.51,0.3709,1.9405,0.2643,10.0172,1.6734,0,0,31430,0.15,12.34
cross,vfield,8,1111,ok,0,1,0,0,0,1,7.2348,0.7909,1.5633,1.9405,0.2643,10.0172,1.6734,0,0,31430,-7.61,12.46
cross,vfield,8,1234,ok,0,0,0,1,0,1,7.2348,2.3327,0.6873,1.9405,0.2643,10.0172,1.6734,0,0,31430,129.4,12.4
cross,vfield,8,1337,ok,0,0,0,0,0,0,7.2348,1.8876,2.4439,1.9405,0.2643,10.0172,1.6734,0,0,31430,,12.4
cross,vfield,12,8,ok,0,1,0,2,2,5,7.2348,0.4514,0.3031,1.9405,0.2643,10.0172,1.6734,0,0,31430,-122.81,13.08
cross,vfield,12,11,ok,0,0,0,1,0,1,7.2348,1.2649,0.4544,1.9405,0.2643,10.0172,1.6734,0,0,31430,-2.84,13.04
cross,vfield,12,23,ok,0,1,1,3,3,8,7.2348,0.7463,0.1391,1.9405,0.2643,10.0172,1.6734,0,0,31430,-6.59,13.15
cross,vfield,12,42,ok,0,2,0,1,1,4,7.2348,0.0017,0.3135,1.9405,0.2643,10.0172,1.6734,0,0,31430,-124.62,13.08
cross,vfield,12,77,ok,0,2,0,1,3,6,7.2348,0.0057,0.1602,1.9405,0.2643,10.0172,1.6734,0,0,31430,-93.96,13.06
cross,vfield,12,101,ok,0,0,0,0,1,1,7.2348,4.258,0.455,1.9405,0.2643,10.0172,1.6734,0,0,31430,61.68,13.07
cross,vfield,12,144,ok,0,0,0,2,1,3,7.2348,1.5311,0.1583,1.9405,0.2643,10.0172,1.6734,0,0,31430,-115.76,13.07
cross,vfield,12,200,ok,0,0,0,2,2,4,7.2348,1.0448,0.0863,1.9405,0.2643,10.0172,1.6734,0,0,31430,-42.73,13.11
cross,vfield,12,256,ok,0,0,0,3,1,4,7.2348,1.2813,0.1249,1.9405,0.2643,10.0172,1.6734,0,0,31430,-135.03,13.15
cross,vfield,12,314,ok,0,1,1,1,0,3,7.2348,0.1696,0.7624,1.9405,0.2643,10.0172,1.6734,0,0,31430,-115.29,13.09
cross,vfield,12,400,ok,0,3,0,3,1,7,7.2348,0.023,0.0216,1.9405,0.2643,10.0172,1.6734,0,0,31430,-14.52,13.29
cross,vfield,12,512,ok,0,0,0,1,1,2,7.2348,1.163,0.0431,1.9405,0.2643,10.0172,1.6734,0,0,31430,15.31,13.07
cross,vfield,12,613,ok,0,1,1,4,0,6,7.2348,0.0078,0.1793,1.9405,0.2643,10.0172,1.6734,0,0,31430,4.79,13.06
cross,vfield,12,700,ok,0,0,0,1,0,1,7.2348,4.9616,0.5658,1.9405,0.2643,10.0172,1.6734,0,0,31430,9.04,13.13
cross,vfield,12,808,ok,0,1,0,1,0,2,7.2348,0.0487,0.482,1.9405,0.2643,10.0172,1.6734,0,0,31430,9.56,13.03
cross,vfield,12,900,ok,0,1,1,0,2,4,7.2348,0.4254,0.1819,1.9405,0.2643,10.0172,1.6734,0,0,31430,-85.3,13.06
cross,vfield,12,1024,ok,0,0,1,1,0,2,7.2348,0.7959,0.222,1.9405,0.2643,10.0172,1.6734,0,0,31430,12.73,13.11
cross,vfield,12,1111,ok,0,0,0,0,1,1,7.2348,1.4549,0.7768,1.9405,0.2643,10.0172,1.6734,0,0,31430,-0.39,13.08
cross,vfield,12,1234,ok,0,3,0,1,2,6,7.2348,0.5245,0.3234,1.9405,0.2643,10.0172,1.6734,0,0,31430,-88.83,13.09
cross,vfield,12,1337,ok,0,0,3,2,1,6,7.2348,0.006,0.0559,1.9405,0.2643,10.0172,1.6734,0,0,31430,5.29,13.36
