mode,param,value,label,split,nFan,seed,geometry,guidance,configHash,status,totalCollisions,fanOwnCap,fanForeignCap,fanFanSame,fanFanCross,leaderLeader,minFanFanGap,minFanCapGap,minLeaderGap,redRMS,goldRMS,redArrived,goldArrived,firstCollisionRelCPA,steps,runtimeSec
capacity2,,,satisfied,holdout,3,1001,headon,vfield,53566e1ac5,ok,0,0,0,0,0,0,14.2828,13.145,2.7258,2.0438,1.555,1,1,,8450,3.75
capacity2,,,satisfied,holdout,3,1003,headon,vfield,53566e1ac5,ok,0,0,0,0,0,0,14.9775,10.6896,2.7258,2.0438,1.555,1,1,,8450,3.51
capacity2,,,satisfied,holdout,3,1005,headon,vfield,53566e1ac5,ok,0,0,0,0,0,0,10.5972,13.7178,2.7258,2.0438,1.555,1,1,,8450,3.56
capacity2,,,satisfied,holdout,3,1007,headon,vfield,53566e1ac5,ok,0,0,0,0,0,0,14.466,7.0117,2.7258,2.0438,1.555,1,1,,8450,3.52
capacity2,,,satisfied,holdout,3,1009,headon,vfield,53566e1ac5,ok,0,0,0,0,0,0,10.1466,8.7344,2.7258,2.0438,1.555,1,1,,8450,3.45
capacity2,,,satisfied,holdout,3,1011,headon,vfield,53566e1ac5,ok,0,0,0,0,0,0,15.5291,12.0885,2.7258,2.0438,1.555,1,1,,8450,3.49
capacity2,,,satisfied,holdout,3,1013,headon,vfield,53566e1ac5,ok,0,0,0,0,0,0,15.2067,12.03,2.7258,2.0438,1.555,1,1,,8450,3.46
capacity2,,,satisfied,holdout,3,1015,headon,vfield,53566e1ac5,ok,0,0,0,0,0,0,9.0574,14.4673,2.7258,2.0438,1.555,1,1,,8450,3.46
capacity2,,,satisfied,holdout,3,1017,headon,vfield,53566e1ac5,ok,0,0,0,0,0,0,14.4848,16.4462,2.7258,2.0438,1.555,1,1,,8450,3.46
capacity2,,,satisfied,holdout,3,1019,headon,vfield,53566e1ac5,ok,0,0,0,0,0,0,11.6875,9.017,2.7258,2.0438,1.555,1,1,,8450,3.54
capacity2,,,satisfied,holdout,3,1021,headon,vfield,53566e1ac5,ok,0,0,0,0,0,0,11.0772,16.7266,2.7258,2.0438,1.555,1,1,,8450,3.46
capacity2,,,satisfied,holdout,3,1023,headon,vfield,53566e1ac5,ok,0,0,0,0,0,0,13.4557,9.3426,2.7258,2.0438,1.555,1,1,,8450,3.46
capacity2,,,satisfied,holdout,3,1025,headon,vfield,53566e1ac5,ok,0,0,0,0,0,0,14.3376,14.0119,2.7258,2.0438,1.555,1,1,,8450,3.48
capacity2,,,satisfied,holdout,3,1027,headon,vfield,53566e1ac5,ok,0,0,0,0,0,0,15.8415,14.7396,2.7258,2.0438,1.555,1,1,,8450,3.48
capacity2,,,satisfied,holdout,3,1029,headon,vfield,53566e1ac5,ok,0,0,0,0,0,0,17.402,13.6331,2.7258,2.0438,1.555,1,1,,8450,3.45
capacity2,,,satisfied,holdout,3,1031,headon,vfield,53566e1ac5,ok,0,0,0,0,0,0,14.4259,8.189,2.7258,2.0438,1.555,1,1,,8450,3.48
capacity2,,,satisfied,holdout,3,1033,headon,vfield,53566e1ac5,ok,0,0,0,0,0,0,13.1111,17.3831,2.7258,2.0438,1.555,1,1,,8450,3.44
capacity2,,,satisfied,holdout,3,1035,headon,vfield,53566e1ac5,ok,0,0,0,0,0,0,13.3495,10.086,2.7258,2.0438,1.555,1,1,,8450,3.48
capacity2,,,satisfied,holdout,3,1037,headon,vfield,53566e1ac5,ok,0,0,0,0,0,0,14.6897,14.5202,2.7258,2.0438,1.555,1,1,,8450,3.46
capacity2,,,satisfied,holdout,3,1039,headon,vfield,53566e1ac5,ok,0,0,0,0,0,0,9.9682,8.6406,2.7258,2.0438,1.555,1,1,,8450,3.47
capacity2,,,satisfied,holdout,3,1041,headon,vfield,53566e1ac5,ok,0,0,0,0,0,0,12.8567,10.1325,2.7258,2.0438,1.555,1,1,,8450,3.47
capacity2,,,satisfied,holdout,3,1043,headon,vfield,53566e1ac5,ok,0,0,0,0,0,0,12.4907,10.1129,2.7258,2.0438,1.555,1,1,,8450,3.47
capacity2,,,satisfied,holdout,3,1045,headon,vfield,53566e1ac5,ok,0,0,0,0,0,0,12.8845,8.7671,2.7258,2.0438,1.555,1,1,,8450,3.45
capacity2,,,satisfied,holdout,3,1047,headon,vfield,53566e1ac5,ok,0,0,0,0,0,0,11.283,12.2714,2.7258,2.0438,1.555,1,1,,8450,3.46
capacity2,,,satisfied,holdout,3,1049,headon,vfield,53566e1ac5,ok,0,0,0,0,0,0,10.9266,13.4508,2.7258,2.0438,1.555,1,1,,8450,3.44
capacity2,,,satisfied,holdout,3,1051,headon,vfield,53566e1ac5,ok,0,0,0,0,0,0,12.6255,14.0268,2.7258,2.0438,1.555,1,1,,8450,3.48
capacity2,,,satisfied,holdout,3,1053,headon,vfield,53566e1ac5,ok,0,0,0,0,0,0,15.1834,12.9622,2.7258,2.0438,1.555,1,1,,8450,3.46
capacity2,,,satisfied,holdout,3,1055,headon,vfield,53566e1ac5,ok,0,0,0,0,0,0,11.711,11.1105,2.7258,2.0438,1.555,1,1,,8450,3.42
capacity2,,,satisfied,holdout,3,1057,headon,vfield,53566e1ac5,ok,0,0,0,0,0,0,15.8409,7.2914,2.7258,2.0438,1.555,1,1,,8450,3.47
capacity2,,,satisfied,holdout,3,1059,headon,vfield,53566e1ac5,ok,0,0,0,0,0,0,11.0362,10.9037,2.7258,2.0438,1.555,1,1,,8450,3.45
capacity2,,,satisfied,holdout,3,1061,headon,vfield,53566e1ac5,ok,0,0,0,0,0,0,12.7172,8.6436,2.7258,2.0438,1.555,1,1,,8450,3.44
capacity2,,,satisfied,holdout,3,1063,headon,vfield,53566e1ac5,ok,0,0,0,0,0,0,15.9001,10.1779,2.7258,2.0438,1.555,1,1,,8450,3.5
capacity2,,,satisfied,holdout,3,1065,headon,vfield,53566e1ac5,ok,0,0,0,0,0,0,12.2118,12.1526,2.7258,2.0438,1.555,1,1,,8450,3.43
capacity2,,,satisfied,holdout,3,1067,headon,vfield,53566e1ac5,ok,0,0,0,0,0,0,15.7594,10.5565,2.7258,2.0438,1.555,1,1,,8450,3.47
capacity2,,,satisfied,holdout,3,1069,headon,vfield,53566e1ac5,ok,0,0,0,0,0,0,14.0459,13.2127,2.7258,2.0438,1.555,1,1,,8450,3.47
capacity2,,,satisfied,holdout,3,1071,headon,vfield,53566e1ac5,ok,0,0,0,0,0,0,14.5047,12.381,2.7258,2.0438,1.555,1,1,,8450,3.43
capacity2,,,satisfied,holdout,3,1073,headon,vfield,53566e1ac5,ok,0,0,0,0,0,0,11.2336,8.5319,2.7258,2.0438,1.555,1,1,,8450,3.47
capacity2,,,satisfied,holdout,3,1075,headon,vfield,53566e1ac5,ok,0,0,0,0,0,0,14.2874,15.0085,2.7258,2.0438,1.555,1,1,,8450,3.43
capacity2,,,satisfied,holdout,3,1077,headon,vfield,53566e1ac5,ok,0,0,0,0,0,0,10.3997,13.8984,2.7258,2.0438,1.555,1,1,,8450,3.47
capacity2,,,satisfied,holdout,3,1079,headon,vfield,53566e1ac5,ok,0,0,0,0,0,0,12.7917,14.0675,2.7258,2.0438,1.555,1,1,,8450,3.44
capacity2,,,satisfied,holdout,3,1081,headon,vfield,53566e1ac5,ok,0,0,0,0,0,0,10.1604,11.5851,2.7258,2.0438,1.555,1,1,,8450,3.48
capacity2,,,satisfied,holdout,3,1083,headon,vfield,53566e1ac5,ok,0,0,0,0,0,0,11.8377,11.9528,2.7258,2.0438,1.555,1,1,,8450,3.48
capacity2,,,satisfied,holdout,3,1085,headon,vfield,53566e1ac5,ok,0,0,0,0,0,0,9.0742,12.3734,2.7258,2.0438,1.555,1,1,,8450,3.45
capacity2,,,satisfied,holdout,3,1087,headon,vfield,53566e1ac5,ok,0,0,0,0,0,0,16.3457,11.3103,2.7258,2.0438,1.555,1,1,,8450,3.45
capacity2,,,satisfied,holdout,3,1089,headon,vfield,53566e1ac5,ok,0,0,0,0,0,0,18.535,8.5204,2.7258,2.0438,1.555,1,1,,8450,3.45
capacity2,,,satisfied,holdout,3,1091,headon,vfield,53566e1ac5,ok,0,0,0,0,0,0,14.5088,8.6354,2.7258,2.0438,1.555,1,1,,8450,3.44
capacity2,,,satisfied,holdout,3,1093,headon,vfield,53566e1ac5,ok,0,0,0,0,0,0,13.4411,11.0453,2.7258,2.0438,1.555,1,1,,8450,3.46
capacity2,,,satisfied,holdout,3,1095,headon,vfield,53566e1ac5,ok,0,0,0,0,0,0,10.6724,10.662,2.7258,2.0438,1.555,1,1,,8450,3.45
capacity2,,,satisfied,holdout,3,1097,headon,vfield,53566e1ac5,ok,0,0,0,0,0,0,10.0389,17.1846,2.7258,2.0438,1.555,1,1,,8450,3.45
capacity2,,,satisfied,holdout,3,1099,headon,vfield,53566e1ac5,ok,0,0,0,0,0,0,13.2436,15.2419,2.7258,2.0438,1.555,1,1,,8450,3.48
capacity2,,,satisfied,holdout,4,1001,headon,vfield,53566e1ac5,ok,0,0,0,0,0,0,7.4856,12.4816,2.7258,2.0438,1.555,1,1,,8450,3.47
capacity2,,,satisfied,holdout,4,1003,headon,vfield,53566e1ac5,ok,0,0,0,0,0,0,13.1834,11.446,2.7258,2.0438,1.555,1,1,,8450,3.48
capacity2,,,satisfied,holdout,4,1005,headon,vfield,53566e1ac5,ok,0,0,0,0,0,0,10.5713,9.4055,2.7258,2.0438,1.555,1,1,,8450,3.47
capacity2,,,satisfied,holdout,4,1007,headon,vfield,53566e1ac5,ok,0,0,0,0,0,0,14.5948,9.3959,2.7258,2.0438,1.555,1,1,,8450,3.5
capacity2,,,satisfied,holdout,4,1009,headon,vfield,53566e1ac5,ok,0,0,0,0,0,0,12.4008,8.9654,2.7258,2.0438,1.555,1,1,,8450,3.59
capacity2,,,satisfied,holdout,4,1011,headon,vfield,53566e1ac5,ok,0,0,0,0,0,0,10.2979,13.219,2.7258,2.0438,1.555,1,1,,8450,3.48
capacity2,,,satisfied,holdout,4,1013,headon,vfield,53566e1ac5,ok,0,0,0,0,0,0,13.0144,8.7183,2.7258,2.0438,1.555,1,1,,8450,3.48
capacity2,,,satisfied,holdout,4,1015,headon,vfield,53566e1ac5,ok,0,0,0,0,0,0,12.2268,15.1428,2.7258,2.0438,1.555,1,1,,8450,3.49
capacity2,,,satisfied,holdout,4,1017,headon,vfield,53566e1ac5,ok,0,0,0,0,0,0,13.8012,14.542,2.7258,2.0438,1.555,1,1,,8450,3.48
capacity2,,,satisfied,holdout,4,1019,headon,vfield,53566e1ac5,ok,0,0,0,0,0,0,12.7519,9.099,2.7258,2.0438,1.555,1,1,,8450,3.48
capacity2,,,satisfied,holdout,4,1021,headon,vfield,53566e1ac5,ok,0,0,0,0,0,0,15.6582,15.4581,2.7258,2.0438,1.555,1,1,,8450,3.48
capacity2,,,satisfied,holdout,4,1023,headon,vfield,53566e1ac5,ok,0,0,0,0,0,0,11.7524,13.4601,2.7258,2.0438,1.555,1,1,,8450,3.48
capacity2,,,satisfied,holdout,4,1025,headon,vfield,53566e1ac5,ok,0,0,0,0,0,0,12.1944,9.1318,2.7258,2.0438,1.555,1,1,,8450,3.45
capacity2,,,satisfied,holdout,4,1027,headon,vfield,53566e1ac5,ok,0,0,0,0,0,0,10.3568,12.4861,2.7258,2.0438,1.555,1,1,,8450,3.48
capacity2,,,satisfied,holdout,4,1029,headon,vfield,53566e1ac5,ok,0,0,0,0,0,0,11.8553,9.4139,2.7258,2.0438,1.555,1,1,,8450,3.48
capacity2,,,satisfied,holdout,4,1031,headon,vfield,53566e1ac5,ok,0,0,0,0,0,0,3.8945,2.3104,2.7258,2.0438,1.555,1,1,,8450,3.51
capacity2,,,satisfied,holdout,4,1033,headon,vfield,53566e1ac5,ok,0,0,0,0,0,0,11.1737,15.9631,2.7258,2.0438,1.555,1,1,,8450,3.51
capacity2,,,satisfied,holdout,4,1035,headon,vfield,53566e1ac5,ok,0,0,0,0,0,0,11.2007,8.5853,2.7258,2.0438,1.555,1,1,,8450,3.48
capacity2,,,satisfied,holdout,4,1037,headon,vfield,53566e1ac5,ok,0,0,0,0,0,0,14.3908,17.4907,2.7258,2.0438,1.555,1,1,,8450,3.47
capacity2,,,satisfied,holdout,4,1039,headon,vfield,53566e1ac5,ok,0,0,0,0,0,0,15.2117,8.8425,2.7258,2.0438,1.555,1,1,,8450,3.48
capacity2,,,satisfied,holdout,4,1041,headon,vfield,53566e1ac5,ok,0,0,0,0,0,0,5.523,8.0091,2.7258,2.0438,1.555,1,1,,8450,3.49
capacity2,,,satisfied,holdout,4,1043,headon,vfield,53566e1ac5,ok,0,0,0,0,0,0,5.0865,14.3036,2.7258,2.0438,1.555,1,1,,8450,3.6
capacity2,,,satisfied,holdout,4,1045,headon,vfield,53566e1ac5,ok,0,0,0,0,0,0,14.7331,9.0078,2.7258,2.0438,1.555,1,1,,8450,3.55
capacity2,,,satisfied,holdout,4,1047,headon,vfield,53566e1ac5,ok,0,0,0,0,0,0,13.0129,12.737,2.7258,2.0438,1.555,1,1,,8450,3.58
capacity2,,,satisfied,holdout,4,1049,headon,vfield,53566e1ac5,ok,0,0,0,0,0,0,9.9603,12.168,2.7258,2.0438,1.555,1,1,,8450,3.52
capacity2,,,satisfied,holdout,4,1051,headon,vfield,53566e1ac5,ok,0,0,0,0,0,0,7.1968,13.0048,2.7258,2.0438,1.555,1,1,,8450,3.55
capacity2,,,satisfied,holdout,4,1053,headon,vfield,53566e1ac5,ok,0,0,0,0,0,0,8.301,6.5301,2.7258,2.0438,1.555,1,1,,8450,3.53
capacity2,,,satisfied,holdout,4,1055,headon,vfield,53566e1ac5,ok,0,0,0,0,0,0,10.9856,14.5485,2.7258,2.0438,1.555,1,1,,8450,3.53
capacity2,,,satisfied,holdout,4,1057,headon,vfield,53566e1ac5,ok,0,0,0,0,0,0,12.9233,12.4298,2.7258,2.0438,1.555,1,1,,8450,3.5
capacity2,,,satisfied,holdout,4,1059,headon,vfield,53566e1ac5,ok,0,0,0,0,0,0,9.8641,11.7124,2.7258,2.0438,1.555,1,1,,8450,3.5
capacity2,,,satisfied,holdout,4,1061,headon,vfield,53566e1ac5,ok,0,0,0,0,0,0,10.2962,10.7706,2.7258,2.0438,1.555,1,1,,8450,3.53
capacity2,,,satisfied,holdout,4,1063,headon,vfield,53566e1ac5,ok,0,0,0,0,0,0,14.6876,10.1729,2.7258,2.0438,1.555,1,1,,8450,3.42
capacity2,,,satisfied,holdout,4,1065,headon,vfield,53566e1ac5,ok,0,0,0,0,0,0,10.1314,13.2503,2.7258,2.0438,1.555,1,1,,8450,3.56
capacity2,,,satisfied,holdout,4,1067,headon,vfield,53566e1ac5,ok,0,0,0,0,0,0,8.5242,9.197,2.7258,2.0438,1.555,1,1,,8450,3.54
capacity2,,,satisfied,holdout,4,1069,headon,vfield,53566e1ac5,ok,0,0,0,0,0,0,9.6893,7.7191,2.7258,2.0438,1.555,1,1,,8450,3.62
capacity2,,,satisfied,holdout,4,1071,headon,vfield,53566e1ac5,ok,0,0,0,0,0,0,4.8917,8.921,2.7258,2.0438,1.555,1,1,,8450,3.81
capacity2,,,satisfied,holdout,4,1073,headon,vfield,53566e1ac5,ok,0,0,0,0,0,0,8.3006,8.7015,2.7258,2.0438,1.555,1,1,,8450,4.1
capacity2,,,satisfied,holdout,4,1075,headon,vfield,53566e1ac5,ok,0,0,0,0,0,0,7.6396,15.3454,2.7258,2.0438,1.555,1,1,,8450,3.74
capacity2,,,satisfied,holdout,4,1077,headon,vfield,53566e1ac5,ok,0,0,0,0,0,0,14.1873,12.1461,2.7258,2.0438,1.555,1,1,,8450,3.61
capacity2,,,satisfied,holdout,4,1079,headon,vfield,53566e1ac5,ok,0,0,0,0,0,0,11.7443,12.2104,2.7258,2.0438,1.555,1,1,,8450,3.57
capacity2,,,satisfied,holdout,4,1081,headon,vfield,53566e1ac5,ok,0,0,0,0,0,0,11.7706,13.2145,2.7258,2.0438,1.555,1,1,,8450,3.51
capacity2,,,satisfied,holdout,4,1083,headon,vfield,53566e1ac5,ok,0,0,0,0,0,0,11.2119,15.4514,2.7258,2.0438,1.555,1,1,,8450,3.54
capacity2,,,satisfied,holdout,4,1085,headon,vfield,53566e1ac5,ok,0,0,0,0,0,0,10.2648,8.9572,2.7258,2.0438,1.555,1,1,,8450,3.56
capacity2,,,satisfied,holdout,4,1087,headon,vfield,53566e1ac5,ok,0,0,0,0,0,0,11.7828,15.3739,2.7258,2.0438,1.555,1,1,,8450,3.55
capacity2,,,satisfied,holdout,4,1089,headon,vfield,53566e1ac5,ok,0,0,0,0,0,0,11.0623,12.8888,2.7258,2.0438,1.555,1,1,,8450,3.66
capacity2,,,satisfied,holdout,4,1091,headon,vfield,53566e1ac5,ok,0,0,0,0,0,0,5.411,7.2796,2.7258,2.0438,1.555,1,1,,8450,3.59
capacity2,,,satisfied,holdout,4,1093,headon,vfield,53566e1ac5,ok,0,0,0,0,0,0,13.386,11.8878,2.7258,2.0438,1.555,1,1,,8450,3.59
capacity2,,,satisfied,holdout,4,1095,headon,vfield,53566e1ac5,ok,0,0,0,0,0,0,9.436,14.4877,2.7258,2.0438,1.555,1,1,,8450,3.55
capacity2,,,satisfied,holdout,4,1097,headon,vfield,53566e1ac5,ok,0,0,0,0,0,0,11.6596,13.2022,2.7258,2.0438,1.555,1,1,,8450,3.58
capacity2,,,satisfied,holdout,4,1099,headon,vfield,53566e1ac5,ok,0,0,0,0,0,0,11.4505,17.0298,2.7258,2.0438,1.555,1,1,,8450,3.55
capacity2,,,satisfied,holdout,6,1001,headon,vfield,53566e1ac5,ok,0,0,0,0,0,0,11.8698,12.5713,2.7258,2.0438,1.555,1,1,,8450,3.69
capacity2,,,satisfied,holdout,6,1003,headon,vfield,53566e1ac5,ok,0,0,0,0,0,0,12.3703,7.2312,2.7258,2.0438,1.555,1,1,,8450,3.65
capacity2,,,satisfied,holdout,6,1005,headon,vfield,53566e1ac5,ok,0,0,0,0,0,0,10.4291,11.5404,2.7258,2.0438,1.555,1,1,,8450,3.61
capacity2,,,satisfied,holdout,6,1007,headon,vfield,53566e1ac5,ok,0,0,0,0,0,0,11.3945,10.0205,2.7258,2.0438,1.555,1,1,,8450,3.58
capacity2,,,satisfied,holdout,6,1009,headon,vfield,53566e1ac5,ok,0,0,0,0,0,0,5.8432,5.1692,2.7258,2.0438,1.555,1,1,,8450,3.59
capacity2,,,satisfied,holdout,6,1011,headon,vfield,53566e1ac5,ok,0,0,0,0,0,0,7.9388,9.8161,2.7258,2.0438,1.555,1,1,,8450,3.58
capacity2,,,satisfied,holdout,6,1013,headon,vfield,53566e1ac5,ok,0,0,0,0,0,0,9.7698,9.3315,2.7258,2.0438,1.555,1,1,,8450,3.64
capacity2,,,satisfied,holdout,6,1015,headon,vfield,53566e1ac5,ok,0,0,0,0,0,0,13.1183,9.3002,2.7258,2.0438,1.555,1,1,,8450,3.6
capacity2,,,satisfied,holdout,6,1017,headon,vfield,53566e1ac5,ok,0,0,0,0,0,0,9.927,12.4842,2.7258,2.0438,1.555,1,1,,8450,3.73
capacity2,,,satisfied,holdout,6,1019,headon,vfield,53566e1ac5,ok,1,0,1,0,0,0,8.8273,0.5155,2.7258,2.0438,1.555,1,1,15.64,8450,3.62
capacity2,,,satisfied,holdout,6,1021,headon,vfield,53566e1ac5,ok,0,0,0,0,0,0,12.5949,12.6886,2.7258,2.0438,1.555,1,1,,8450,3.71
capacity2,,,satisfied,holdout,6,1023,headon,vfield,53566e1ac5,ok,0,0,0,0,0,0,10.5661,2.3583,2.7258,2.0438,1.555,1,1,,8450,3.6
capacity2,,,satisfied,holdout,6,1025,headon,vfield,53566e1ac5,ok,0,0,0,0,0,0,12.2945,14.2241,2.7258,2.0438,1.555,1,1,,8450,3.59
capacity2,,,satisfied,holdout,6,1027,headon,vfield,53566e1ac5,ok,0,0,0,0,0,0,11.7094,13.9354,2.7258,2.0438,1.555,1,1,,8450,3.57
capacity2,,,satisfied,holdout,6,1029,headon,vfield,53566e1ac5,ok,0,0,0,0,0,0,6.0285,8.2368,2.7258,2.0438,1.555,1,1,,8450,3.66
capacity2,,,satisfied,holdout,6,1031,headon,vfield,53566e1ac5,ok,0,0,0,0,0,0,10.9924,8.306,2.7258,2.0438,1.555,1,1,,8450,3.62
capacity2,,,satisfied,holdout,6,1033,headon,vfield,53566e1ac5,ok,0,0,0,0,0,0,6.6421,13.9258,2.7258,2.0438,1.555,1,1,,8450,3.56
capacity2,,,satisfied,holdout,6,1035,headon,vfield,53566e1ac5,ok,0,0,0,0,0,0,13.4743,10.1175,2.7258,2.0438,1.555,1,1,,8450,3.56
capacity2,,,satisfied,holdout,6,1037,headon,vfield,53566e1ac5,ok,0,0,0,0,0,0,9.5417,7.4741,2.7258,2.0438,1.555,1,1,,8450,3.54
capacity2,,,satisfied,holdout,6,1039,headon,vfield,53566e1ac5,ok,0,0,0,0,0,0,11.8328,5.686,2.7258,2.0438,1.555,1,1,,8450,3.57
capacity2,,,satisfied,holdout,6,1041,headon,vfield,53566e1ac5,ok,0,0,0,0,0,0,8.1848,7.3386,2.7258,2.0438,1.555,1,1,,8450,3.57
capacity2,,,satisfied,holdout,6,1043,headon,vfield,53566e1ac5,ok,0,0,0,0,0,0,10.412,14.0623,2.7258,2.0438,1.555,1,1,,8450,3.56
capacity2,,,satisfied,holdout,6,1045,headon,vfield,53566e1ac5,ok,0,0,0,0,0,0,11.9668,9.4707,2.7258,2.0438,1.555,1,1,,8450,3.56
capacity2,,,satisfied,holdout,6,1047,headon,vfield,53566e1ac5,ok,0,0,0,0,0,0,5.3117,7.8985,2.7258,2.0438,1.555,1,1,,8450,3.6
capacity2,,,satisfied,holdout,6,1049,headon,vfield,53566e1ac5,ok,0,0,0,0,0,0,12.6334,14.4779,2.7258,2.0438,1.555,1,1,,8450,3.56
capacity2,,,satisfied,holdout,6,1051,headon,vfield,53566e1ac5,ok,0,0,0,0,0,0,10.716,8.8034,2.7258,2.0438,1.555,1,1,,8450,3.59
capacity2,,,satisfied,holdout,6,1053,headon,vfield,53566e1ac5,ok,0,0,0,0,0,0,4.1873,8.0679,2.7258,2.0438,1.555,1,1,,8450,3.56
capacity2,,,satisfied,holdout,6,1055,headon,vfield,53566e1ac5,ok,0,0,0,0,0,0,7.1197,15.2006,2.7258,2.0438,1.555,1,1,,8450,3.55
capacity2,,,satisfied,holdout,6,1057,headon,vfield,53566e1ac5,ok,0,0,0,0,0,0,9.8554,10.4686,2.7258,2.0438,1.555,1,1,,8450,3.59
capacity2,,,satisfied,holdout,6,1059,headon,vfield,53566e1ac5,ok,0,0,0,0,0,0,6.7564,8.2512,2.7258,2.0438,1.555,1,1,,8450,3.62
capacity2,,,satisfied,holdout,6,1061,headon,vfield,53566e1ac5,ok,0,0,0,0,0,0,7.324,11.9163,2.7258,2.0438,1.555,1,1,,8450,3.59
capacity2,,,satisfied,holdout,6,1063,headon,vfield,53566e1ac5,ok,0,0,0,0,0,0,13.1585,11.0549,2.7258,2.0438,1.555,1,1,,8450,3.57
capacity2,,,satisfied,holdout,6,1065,headon,vfield,53566e1ac5,ok,0,0,0,0,0,0,11.5528,12.0909,2.7258,2.0438,1.555,1,1,,8450,3.6
capacity2,,,satisfied,holdout,6,1067,headon,vfield,53566e1ac5,ok,0,0,0,0,0,0,12.852,10.3667,2.7258,2.0438,1.555,1,1,,8450,3.54
capacity2,,,satisfied,holdout,6,1069,headon,vfield,53566e1ac5,ok,0,0,0,0,0,0,6.1665,9.6398,2.7258,2.0438,1.555,1,1,,8450,3.6
capacity2,,,satisfied,holdout,6,1071,headon,vfield,53566e1ac5,ok,0,0,0,0,0,0,10.6331,10.8964,2.7258,2.0438,1.555,1,1,,8450,3.59
capacity2,,,satisfied,holdout,6,1073,headon,vfield,53566e1ac5,ok,0,0,0,0,0,0,10.4056,9.0312,2.7258,2.0438,1.555,1,1,,8450,3.56
capacity2,,,satisfied,holdout,6,1075,headon,vfield,53566e1ac5,ok,0,0,0,0,0,0,7.8146,13.2907,2.7258,2.0438,1.555,1,1,,8450,3.6
capacity2,,,satisfied,holdout,6,1077,headon,vfield,53566e1ac5,ok,0,0,0,0,0,0,12.6036,9.2585,2.7258,2.0438,1.555,1,1,,8450,3.91
capacity2,,,satisfied,holdout,6,1079,headon,vfield,53566e1ac5,ok,0,0,0,0,0,0,8.1831,7.7176,2.7258,2.0438,1.555,1,1,,8450,3.62
capacity2,,,satisfied,holdout,6,1081,headon,vfield,53566e1ac5,ok,0,0,0,0,0,0,12.6321,12.843,2.7258,2.0438,1.555,1,1,,8450,3.69
capacity2,,,satisfied,holdout,6,1083,headon,vfield,53566e1ac5,ok,0,0,0,0,0,0,10.4678,11.72,2.7258,2.0438,1.555,1,1,,8450,3.55
capacity2,,,satisfied,holdout,6,1085,headon,vfield,53566e1ac5,ok,0,0,0,0,0,0,3.1061,11.1476,2.7258,2.0438,1.555,1,1,,8450,3.56
capacity2,,,satisfied,holdout,6,1087,headon,vfield,53566e1ac5,ok,0,0,0,0,0,0,13.231,15.4547,2.7258,2.0438,1.555,1,1,,8450,3.61
capacity2,,,satisfied,holdout,6,1089,headon,vfield,53566e1ac5,ok,0,0,0,0,0,0,9.3767,9.0537,2.7258,2.0438,1.555,1,1,,8450,3.62
capacity2,,,satisfied,holdout,6,1091,headon,vfield,53566e1ac5,ok,0,0,0,0,0,0,12.0511,14.7507,2.7258,2.0438,1.555,1,1,,8450,3.59
capacity2,,,satisfied,holdout,6,1093,headon,vfield,53566e1ac5,ok,0,0,0,0,0,0,9.1358,11.6727,2.7258,2.0438,1.555,1,1,,8450,3.61
capacity2,,,satisfied,holdout,6,1095,headon,vfield,53566e1ac5,ok,0,0,0,0,0,0,11.6606,7.3187,2.7258,2.0438,1.555,1,1,,8450,3.63
capacity2,,,satisfied,holdout,6,1097,headon,vfield,53566e1ac5,ok,0,0,0,0,0,0,11.0917,6.5774,2.7258,2.0438,1.555,1,1,,8450,3.57
capacity2,,,satisfied,holdout,6,1099,headon,vfield,53566e1ac5,ok,0,0,0,0,0,0,12.4898,3.5564,2.7258,2.0438,1.555,1,1,,8450,3.65
capacity2,,,satisfied,holdout,8,1001,headon,vfield,53566e1ac5,ok,0,0,0,0,0,0,2.3498,11.857,2.7258,2.0438,1.555,1,1,,8450,3.64
capacity2,,,satisfied,holdout,8,1003,headon,vfield,53566e1ac5,ok,0,0,0,0,0,0,4.0584,14.0708,2.7258,2.0438,1.555,1,1,,8450,3.62
capacity2,,,satisfied,holdout,8,1005,headon,vfield,53566e1ac5,ok,0,0,0,0,0,0,1.8719,13.943,2.7258,2.0438,1.555,1,1,,8450,3.63
capacity2,,,satisfied,holdout,8,1007,headon,vfield,53566e1ac5,ok,0,0,0,0,0,0,7.0602,2.6696,2.7258,2.0438,1.555,1,1,,8450,3.69
capacity2,,,satisfied,holdout,8,1009,headon,vfield,53566e1ac5,ok,0,0,0,0,0,0,3.1928,1.248,2.7258,2.0438,1.555,1,1,,8450,3.64
capacity2,,,satisfied,holdout,8,1011,headon,vfield,53566e1ac5,ok,0,0,0,0,0,0,1.4451,12.1557,2.7258,2.0438,1.555,1,1,,8450,3.67
capacity2,,,satisfied,holdout,8,1013,headon,vfield,53566e1ac5,ok,0,0,0,0,0,0,1.8243,2.8151,2.7258,2.0438,1.555,1,1,,8450,3.66
capacity2,,,satisfied,holdout,8,1015,headon,vfield,53566e1ac5,ok,0,0,0,0,0,0,2.1448,4.0389,2.7258,2.0438,1.555,1,1,,8450,3.61
capacity2,,,satisfied,holdout,8,1017,headon,vfield,53566e1ac5,ok,0,0,0,0,0,0,8.6009,15.2839,2.7258,2.0438,1.555,1,1,,8450,3.62
capacity2,,,satisfied,holdout,8,1019,headon,vfield,53566e1ac5,ok,0,0,0,0,0,0,11.4955,5.4201,2.7258,2.0438,1.555,1,1,,8450,3.62
capacity2,,,satisfied,holdout,8,1021,headon,vfield,53566e1ac5,ok,0,0,0,0,0,0,12.5452,9.9503,2.7258,2.0438,1.555,1,1,,8450,3.61
capacity2,,,satisfied,holdout,8,1023,headon,vfield,53566e1ac5,ok,0,0,0,0,0,0,6.0171,4.5665,2.7258,2.0438,1.555,1,1,,8450,3.62
capacity2,,,satisfied,holdout,8,1025,headon,vfield,53566e1ac5,ok,0,0,0,0,0,0,10.0995,13.2789,2.7258,2.0438,1.555,1,1,,8450,3.64
capacity2,,,satisfied,holdout,8,1027,headon,vfield,53566e1ac5,ok,0,0,0,0,0,0,10.8869,11.1062,2.7258,2.0438,1.555,1,1,,8450,3.62
capacity2,,,satisfied,holdout,8,1029,headon,vfield,53566e1ac5,ok,0,0,0,0,0,0,8.4388,10.9062,2.7258,2.0438,1.555,1,1,,8450,3.63
capacity2,,,satisfied,holdout,8,1031,headon,vfield,53566e1ac5,ok,0,0,0,0,0,0,14.586,7.2303,2.7258,2.0438,1.555,1,1,,8450,3.59
capacity2,,,satisfied,holdout,8,1033,headon,vfield,53566e1ac5,ok,0,0,0,0,0,0,4.6607,10.0019,2.7258,2.0438,1.555,1,1,,8450,3.63
capacity2,,,satisfied,holdout,8,1035,headon,vfield,53566e1ac5,ok,0,0,0,0,0,0,13.1515,10.553,2.7258,2.0438,1.555,1,1,,8450,3.63
capacity2,,,satisfied,holdout,8,1037,headon,vfield,53566e1ac5,ok,0,0,0,0,0,0,10.291,13.1709,2.7258,2.0438,1.555,1,1,,8450,3.6
capacity2,,,satisfied,holdout,8,1039,headon,vfield,53566e1ac5,ok,0,0,0,0,0,0,9.469,9.6123,2.7258,2.0438,1.555,1,1,,8450,3.58
capacity2,,,satisfied,holdout,8,1041,headon,vfield,53566e1ac5,ok,0,0,0,0,0,0,7.8855,12.6473,2.7258,2.0438,1.555,1,1,,8450,3.64
capacity2,,,satisfied,holdout,8,1043,headon,vfield,53566e1ac5,ok,0,0,0,0,0,0,8.1398,14.6455,2.7258,2.0438,1.555,1,1,,8450,3.61
capacity2,,,satisfied,holdout,8,1045,headon,vfield,53566e1ac5,ok,0,0,0,0,0,0,4.5474,9.912,2.7258,2.0438,1.555,1,1,,8450,3.63
capacity2,,,satisfied,holdout,8,1047,headon,vfield,53566e1ac5,ok,0,0,0,0,0,0,4.7714,6.9563,2.7258,2.0438,1.555,1,1,,8450,3.65
capacity2,,,satisfied,holdout,8,1049,headon,vfield,53566e1ac5,ok,0,0,0,0,0,0,8.5242,13.9576,2.7258,2.0438,1.555,1,1,,8450,3.59
capacity2,,,satisfied,holdout,8,1051,headon,vfield,53566e1ac5,ok,0,0,0,0,0,0,13.4961,3.783,2.7258,2.0438,1.555,1,1,,8450,3.61
capacity2,,,satisfied,holdout,8,1053,headon,vfield,53566e1ac5,ok,0,0,0,0,0,0,7.9543,2.1497,2.7258,2.0438,1.555,1,1,,8450,3.6
capacity2,,,satisfied,holdout,8,1055,headon,vfield,53566e1ac5,ok,1,0,1,0,0,0,8.0237,0.8536,2.7258,2.0438,1.555,1,1,17.72,8450,3.78
capacity2,,,satisfied,holdout,8,1057,headon,vfield,53566e1ac5,ok,0,0,0,0,0,0,13.4182,11.1704,2.7258,2.0438,1.555,1,1,,8450,3.59
capacity2,,,satisfied,holdout,8,1059,headon,vfield,53566e1ac5,ok,0,0,0,0,0,0,12.7504,12.5347,2.7258,2.0438,1.555,1,1,,8450,3.61
capacity2,,,satisfied,holdout,8,1061,headon,vfield,53566e1ac5,ok,0,0,0,0,0,0,9.3249,12.9612,2.7258,2.0438,1.555,1,1,,8450,3.62
capacity2,,,satisfied,holdout,8,1063,headon,vfield,53566e1ac5,ok,0,0,0,0,0,0,9.6259,10.2921,2.7258,2.0438,1.555,1,1,,8450,3.6
capacity2,,,satisfied,holdout,8,1065,headon,vfield,53566e1ac5,ok,0,0,0,0,0,0,8.4081,3.6906,2.7258,2.0438,1.555,1,1,,8450,3.62
capacity2,,,satisfied,holdout,8,1067,headon,vfield,53566e1ac5,ok,0,0,0,0,0,0,9.8595,10.4323,2.7258,2.0438,1.555,1,1,,8450,3.61
capacity2,,,satisfied,holdout,8,1069,headon,vfield,53566e1ac5,ok,0,0,0,0,0,0,3.7864,5.7254,2.7258,2.0438,1.555,1,1,,8450,3.63
capacity2,,,satisfied,holdout,8,1071,headon,vfield,53566e1ac5,ok,0,0,0,0,0,0,8.6708,9.2342,2.7258,2.0438,1.555,1,1,,8450,3.71
capacity2,,,satisfied,holdout,8,1073,headon,vfield,53566e1ac5,ok,0,0,0,0,0,0,11.6515,9.3493,2.7258,2.0438,1.555,1,1,,8450,3.77
capacity2,,,satisfied,holdout,8,1075,headon,vfield,53566e1ac5,ok,0,0,0,0,0,0,14.5708,10.386,2.7258,2.0438,1.555,1,1,,8450,3.66
capacity2,,,satisfied,holdout,8,1077,headon,vfield,53566e1ac5,ok,0,0,0,0,0,0,11.8394,2.4685,2.7258,2.0438,1.555,1,1,,8450,3.59
capacity2,,,satisfied,holdout,8,1079,headon,vfield,53566e1ac5,ok,0,0,0,0,0,0,10.519,9.1736,2.7258,2.0438,1.555,1,1,,8450,3.61
capacity2,,,satisfied,holdout,8,1081,headon,vfield,53566e1ac5,ok,0,0,0,0,0,0,11.7991,14.1623,2.7258,2.0438,1.555,1,1,,8450,3.63
capacity2,,,satisfied,holdout,8,1083,headon,vfield,53566e1ac5,ok,0,0,0,0,0,0,11.2815,13.0153,2.7258,2.0438,1.555,1,1,,8450,3.61
capacity2,,,satisfied,holdout,8,1085,headon,vfield,53566e1ac5,ok,0,0,0,0,0,0,9.6076,6.4811,2.7258,2.0438,1.555,1,1,,8450,3.61
capacity2,,,satisfied,holdout,8,1087,headon,vfield,53566e1ac5,ok,0,0,0,0,0,0,11.7578,4.3639,2.7258,2.0438,1.555,1,1,,8450,3.59
capacity2,,,satisfied,holdout,8,1089,headon,vfield,53566e1ac5,ok,0,0,0,0,0,0,10.1829,2.9129,2.7258,2.0438,1.555,1,1,,8450,3.61
capacity2,,,satisfied,holdout,8,1091,headon,vfield,53566e1ac5,ok,0,0,0,0,0,0,13.0811,10.6069,2.7258,2.0438,1.555,1,1,,8450,3.64
capacity2,,,satisfied,holdout,8,1093,headon,vfield,53566e1ac5,ok,0,0,0,0,0,0,13.0452,10.4307,2.7258,2.0438,1.555,1,1,,8450,3.6
capacity2,,,satisfied,holdout,8,1095,headon,vfield,53566e1ac5,ok,0,0,0,0,0,0,10.5744,2.6992,2.7258,2.0438,1.555,1,1,,8450,3.62
capacity2,,,satisfied,holdout,8,1097,headon,vfield,53566e1ac5,ok,0,0,0,0,0,0,6.62,4.7477,2.7258,2.0438,1.555,1,1,,8450,3.62
capacity2,,,satisfied,holdout,8,1099,headon,vfield,53566e1ac5,ok,0,0,0,0,0,0,8.4103,10.8291,2.7258,2.0438,1.555,1,1,,8450,3.69
capacity2,,,satisfied,holdout,12,1001,headon,vfield,53566e1ac5,ok,0,0,0,0,0,0,4.1117,2.4303,2.7258,2.0438,1.555,1,1,,8450,3.83
capacity2,,,satisfied,holdout,12,1003,headon,vfield,53566e1ac5,ok,2,0,0,2,0,0,0.1743,8.1014,2.7258,2.0438,1.555,1,1,-21.89,8450,3.79
capacity2,,,satisfied,holdout,12,1005,headon,vfield,53566e1ac5,ok,0,0,0,0,0,0,1.7439,3.8057,2.7258,2.0438,1.555,1,1,,8450,3.81
capacity2,,,satisfied,holdout,12,1007,headon,vfield,53566e1ac5,ok,0,0,0,0,0,0,3.3177,7.8446,2.7258,2.0438,1.555,1,1,,8450,3.78
capacity2,,,satisfied,holdout,12,1009,headon,vfield,53566e1ac5,ok,1,0,0,1,0,0,0.4564,9.3232,2.7258,2.0438,1.555,1,1,43.8,8450,3.78
capacity2,,,satisfied,holdout,12,1011,headon,vfield,53566e1ac5,ok,0,0,0,0,0,0,9.0649,9.0111,2.7258,2.0438,1.555,1,1,,8450,3.78
capacity2,,,satisfied,holdout,12,1013,headon,vfield,53566e1ac5,ok,0,0,0,0,0,0,8.2396,3.6816,2.7258,2.0438,1.555,1,1,,8450,3.81
capacity2,,,satisfied,holdout,12,1015,headon,vfield,53566e1ac5,ok,0,0,0,0,0,0,8.2908,12.5024,2.7258,2.0438,1.555,1,1,,8450,3.83
capacity2,,,satisfied,holdout,12,1017,headon,vfield,53566e1ac5,ok,0,0,0,0,0,0,11.0851,13.3007,2.7258,2.0438,1.555,1,1,,8450,3.83
capacity2,,,satisfied,holdout,12,1019,headon,vfield,53566e1ac5,ok,0,0,0,0,0,0,3.3721,11.5393,2.7258,2.0438,1.555,1,1,,8450,3.81
capacity2,,,satisfied,holdout,12,1021,headon,vfield,53566e1ac5,ok,0,0,0,0,0,0,4.4603,3.7689,2.7258,2.0438,1.555,1,1,,8450,3.77
capacity2,,,satisfied,holdout,12,1023,headon,vfield,53566e1ac5,ok,0,0,0,0,0,0,8.7162,10.3961,2.7258,2.0438,1.555,1,1,,8450,3.8
capacity2,,,satisfied,holdout,12,1025,headon,vfield,53566e1ac5,ok,0,0,0,0,0,0,1.9468,10.3702,2.7258,2.0438,1.555,1,1,,8450,3.8
capacity2,,,satisfied,holdout,12,1027,headon,vfield,53566e1ac5,ok,0,0,0,0,0,0,2.2885,14.8147,2.7258,2.0438,1.555,1,1,,8450,3.79
capacity2,,,satisfied,holdout,12,1029,headon,vfield,53566e1ac5,ok,0,0,0,0,0,0,10.412,12.6878,2.7258,2.0438,1.555,1,1,,8450,3.79
capacity2,,,satisfied,holdout,12,1031,headon,vfield,53566e1ac5,ok,0,0,0,0,0,0,1.995,8.5297,2.7258,2.0438,1.555,1,1,,8450,3.79
capacity2,,,satisfied,holdout,12,1033,headon,vfield,53566e1ac5,ok,0,0,0,0,0,0,9.293,12.9312,2.7258,2.0438,1.555,1,1,,8450,3.78
capacity2,,,satisfied,holdout,12,1035,headon,vfield,53566e1ac5,ok,0,0,0,0,0,0,1.1969,9.3142,2.7258,2.0438,1.555,1,1,,8450,3.78
capacity2,,,satisfied,holdout,12,1037,headon,vfield,53566e1ac5,ok,0,0,0,0,0,0,5.0239,11.33,2.7258,2.0438,1.555,1,1,,8450,3.78
capacity2,,,satisfied,holdout,12,1039,headon,vfield,53566e1ac5,ok,0,0,0,0,0,0,12.4854,5.9797,2.7258,2.0438,1.555,1,1,,8450,3.81
capacity2,,,satisfied,holdout,12,1041,headon,vfield,53566e1ac5,ok,0,0,0,0,0,0,7.5824,7.0498,2.7258,2.0438,1.555,1,1,,8450,4.12
capacity2,,,satisfied,holdout,12,1043,headon,vfield,53566e1ac5,ok,1,0,0,1,0,0,0.0851,13.2054,2.7258,2.0438,1.555,1,1,-18.32,8450,3.8
capacity2,,,satisfied,holdout,12,1045,headon,vfield,53566e1ac5,ok,1,0,0,1,0,0,0.4556,9.9729,2.7258,2.0438,1.555,1,1,-10.06,8450,3.81
capacity2,,,satisfied,holdout,12,1047,headon,vfield,53566e1ac5,ok,0,0,0,0,0,0,6.9277,13.1531,2.7258,2.0438,1.555,1,1,,8450,3.78
capacity2,,,satisfied,holdout,12,1049,headon,vfield,53566e1ac5,ok,0,0,0,0,0,0,2.0246,11.116,2.7258,2.0438,1.555,1,1,,8450,3.86
capacity2,,,satisfied,holdout,12,1051,headon,vfield,53566e1ac5,ok,1,0,1,0,0,0,9.2142,0.4242,2.7258,2.0438,1.555,1,1,12.68,8450,3.88
capacity2,,,satisfied,holdout,12,1053,headon,vfield,53566e1ac5,ok,0,0,0,0,0,0,3.5968,7.936,2.7258,2.0438,1.555,1,1,,8450,3.84
capacity2,,,satisfied,holdout,12,1055,headon,vfield,53566e1ac5,ok,0,0,0,0,0,0,3.1279,10.5869,2.7258,2.0438,1.555,1,1,,8450,4.13
capacity2,,,satisfied,holdout,12,1057,headon,vfield,53566e1ac5,ok,0,0,0,0,0,0,7.2218,2.7644,2.7258,2.0438,1.555,1,1,,8450,3.79
capacity2,,,satisfied,holdout,12,1059,headon,vfield,53566e1ac5,ok,0,0,0,0,0,0,4.4273,11.4732,2.7258,2.0438,1.555,1,1,,8450,3.79
capacity2,,,satisfied,holdout,12,1061,headon,vfield,53566e1ac5,ok,0,0,0,0,0,0,8.2372,10.7476,2.7258,2.0438,1.555,1,1,,8450,3.86
capacity2,,,satisfied,holdout,12,1063,headon,vfield,53566e1ac5,ok,1,0,0,1,0,0,0.566,9.2362,2.7258,2.0438,1.555,1,1,-10.08,8450,3.79
capacity2,,,satisfied,holdout,12,1065,headon,vfield,53566e1ac5,ok,0,0,0,0,0,0,1.7353,14.794,2.7258,2.0438,1.555,1,1,,8450,3.78
capacity2,,,satisfied,holdout,12,1067,headon,vfield,53566e1ac5,ok,0,0,0,0,0,0,4.7491,2.1181,2.7258,2.0438,1.555,1,1,,8450,3.78
capacity2,,,satisfied,holdout,12,1069,headon,vfield,53566e1ac5,ok,0,0,0,0,0,0,10.1502,4.6838,2.7258,2.0438,1.555,1,1,,8450,3.75
capacity2,,,satisfied,holdout,12,1071,headon,vfield,53566e1ac5,ok,0,0,0,0,0,0,1.6644,10.2947,2.7258,2.0438,1.555,1,1,,8450,3.79
capacity2,,,satisfied,holdout,12,1073,headon,vfield,53566e1ac5,ok,0,0,0,0,0,0,7.7424,9.9551,2.7258,2.0438,1.555,1,1,,8450,3.74
capacity2,,,satisfied,holdout,12,1075,headon,vfield,53566e1ac5,ok,1,0,0,1,0,0,0.2826,4.3644,2.7258,2.0438,1.555,1,1,-5.75,8450,3.77
capacity2,,,satisfied,holdout,12,1077,headon,vfield,53566e1ac5,ok,0,0,0,0,0,0,7.8953,8.973,2.7258,2.0438,1.555,1,1,,8450,3.77
capacity2,,,satisfied,holdout,12,1079,headon,vfield,53566e1ac5,ok,1,0,0,1,0,0,0.5436,10.5612,2.7258,2.0438,1.555,1,1,17.78,8450,3.86
capacity2,,,satisfied,holdout,12,1081,headon,vfield,53566e1ac5,ok,0,0,0,0,0,0,9.0974,12.4318,2.7258,2.0438,1.555,1,1,,8450,3.86
capacity2,,,satisfied,holdout,12,1083,headon,vfield,53566e1ac5,ok,1,0,0,1,0,0,0.8227,13.183,2.7258,2.0438,1.555,1,1,-15.66,8450,3.91
capacity2,,,satisfied,holdout,12,1085,headon,vfield,53566e1ac5,ok,0,0,0,0,0,0,7.6692,2.7002,2.7258,2.0438,1.555,1,1,,8450,3.9
capacity2,,,satisfied,holdout,12,1087,headon,vfield,53566e1ac5,ok,0,0,0,0,0,0,11.8276,13.3385,2.7258,2.0438,1.555,1,1,,8450,3.9
capacity2,,,satisfied,holdout,12,1089,headon,vfield,53566e1ac5,ok,0,0,0,0,0,0,5.0188,14.0665,2.7258,2.0438,1.555,1,1,,8450,3.94
capacity2,,,satisfied,holdout,12,1091,headon,vfield,53566e1ac5,ok,0,0,0,0,0,0,7.8536,2.1204,2.7258,2.0438,1.555,1,1,,8450,3.85
capacity2,,,satisfied,holdout,12,1093,headon,vfield,53566e1ac5,ok,0,0,0,0,0,0,11.4242,11.3447,2.7258,2.0438,1.555,1,1,,8450,3.86
capacity2,,,satisfied,holdout,12,1095,headon,vfield,53566e1ac5,ok,0,0,0,0,0,0,1.4515,17.5253,2.7258,2.0438,1.555,1,1,,8450,3.82
capacity2,,,satisfied,holdout,12,1097,headon,vfield,53566e1ac5,ok,0,0,0,0,0,0,9.2209,5.8946,2.7258,2.0438,1.555,1,1,,8450,3.84
capacity2,,,satisfied,holdout,12,1099,headon,vfield,53566e1ac5,ok,0,0,0,0,0,0,8.6417,11.0286,2.7258,2.0438,1.555,1,1,,8450,4.02
capacity2,,,violated,holdout,3,1001,headon,vfield,2a82301c38,ok,0,0,0,0,0,0,10.8747,12.889,2.7258,2.0438,1.555,1,1,,8450,3.73
capacity2,,,violated,holdout,3,1003,headon,vfield,2a82301c38,ok,0,0,0,0,0,0,15.0064,9.6067,2.7258,2.0438,1.555,1,1,,8450,3.53
capacity2,,,violated,holdout,3,1005,headon,vfield,2a82301c38,ok,0,0,0,0,0,0,3.6117,7.302,2.7258,2.0438,1.555,1,1,,8450,3.47
capacity2,,,violated,holdout,3,1007,headon,vfield,2a82301c38,ok,0,0,0,0,0,0,11.5822,5.2092,2.7258,2.0438,1.555,1,1,,8450,3.51
capacity2,,,violated,holdout,3,1009,headon,vfield,2a82301c38,ok,0,0,0,0,0,0,14.5338,8.4217,2.7258,2.0438,1.555,1,1,,8450,3.47
capacity2,,,violated,holdout,3,1011,headon,vfield,2a82301c38,ok,0,0,0,0,0,0,13.678,11.5017,2.7258,2.0438,1.555,1,1,,8450,3.6
capacity2,,,violated,holdout,3,1013,headon,vfield,2a82301c38,ok,0,0,0,0,0,0,11.1596,8.1128,2.7258,2.0438,1.555,1,1,,8450,3.46
capacity2,,,violated,holdout,3,1015,headon,vfield,2a82301c38,ok,0,0,0,0,0,0,14.6162,11.9272,2.7258,2.0438,1.555,1,1,,8450,3.5
capacity2,,,violated,holdout,3,1017,headon,vfield,2a82301c38,ok,0,0,0,0,0,0,15.1197,8.3907,2.7258,2.0438,1.555,1,1,,8450,3.47
capacity2,,,violated,holdout,3,1019,headon,vfield,2a82301c38,ok,0,0,0,0,0,0,12.7835,8.5875,2.7258,2.0438,1.555,1,1,,8450,3.48
capacity2,,,violated,holdout,3,1021,headon,vfield,2a82301c38,ok,0,0,0,0,0,0,12.7036,3.6034,2.7258,2.0438,1.555,1,1,,8450,3.49
capacity2,,,violated,holdout,3,1023,headon,vfield,2a82301c38,ok,0,0,0,0,0,0,15.1542,11.4459,2.7258,2.0438,1.555,1,1,,8450,3.47
capacity2,,,violated,holdout,3,1025,headon,vfield,2a82301c38,ok,0,0,0,0,0,0,13.9116,12.7985,2.7258,2.0438,1.555,1,1,,8450,3.47
capacity2,,,violated,holdout,3,1027,headon,vfield,2a82301c38,ok,0,0,0,0,0,0,11.0248,12.4012,2.7258,2.0438,1.555,1,1,,8450,3.57
capacity2,,,violated,holdout,3,1029,headon,vfield,2a82301c38,ok,0,0,0,0,0,0,13.6524,11.5072,2.7258,2.0438,1.555,1,1,,8450,3.49
capacity2,,,violated,holdout,3,1031,headon,vfield,2a82301c38,ok,0,0,0,0,0,0,14.6603,6.7646,2.7258,2.0438,1.555,1,1,,8450,3.45
capacity2,,,violated,holdout,3,1033,headon,vfield,2a82301c38,ok,0,0,0,0,0,0,7.9161,12.1228,2.7258,2.0438,1.555,1,1,,8450,3.45
capacity2,,,violated,holdout,3,1035,headon,vfield,2a82301c38,ok,0,0,0,0,0,0,13.2172,9.2322,2.7258,2.0438,1.555,1,1,,8450,3.44
capacity2,,,violated,holdout,3,1037,headon,vfield,2a82301c38,ok,0,0,0,0,0,0,14.9711,10.2638,2.7258,2.0438,1.555,1,1,,8450,3.43
capacity2,,,violated,holdout,3,1039,headon,vfield,2a82301c38,ok,0,0,0,0,0,0,16.2676,8.3668,2.7258,2.0438,1.555,1,1,,8450,3.42
capacity2,,,violated,holdout,3,1041,headon,vfield,2a82301c38,ok,0,0,0,0,0,0,12.558,8.786,2.7258,2.0438,1.555,1,1,,8450,3.45
capacity2,,,violated,holdout,3,1043,headon,vfield,2a82301c38,ok,0,0,0,0,0,0,13.2817,10.1244,2.7258,2.0438,1.555,1,1,,8450,3.47
capacity2,,,violated,holdout,3,1045,headon,vfield,2a82301c38,ok,0,0,0,0,0,0,14.1205,8.4409,2.7258,2.0438,1.555,1,1,,8450,3.41
capacity2,,,violated,holdout,3,1047,headon,vfield,2a82301c38,ok,0,0,0,0,0,0,14.2754,15.0023,2.7258,2.0438,1.555,1,1,,8450,3.43
capacity2,,,violated,holdout,3,1049,headon,vfield,2a82301c38,ok,0,0,0,0,0,0,11.0705,13.0974,2.7258,2.0438,1.555,1,1,,8450,3.45
capacity2,,,violated,holdout,3,1051,headon,vfield,2a82301c38,ok,0,0,0,0,0,0,6.5655,12.0482,2.7258,2.0438,1.555,1,1,,8450,3.43
capacity2,,,violated,holdout,3,1053,headon,vfield,2a82301c38,ok,0,0,0,0,0,0,12.3978,11.8456,2.7258,2.0438,1.555,1,1,,8450,3.46
capacity2,,,violated,holdout,3,1055,headon,vfield,2a82301c38,ok,0,0,0,0,0,0,14.0604,12.4339,2.7258,2.0438,1.555,1,1,,8450,3.45
capacity2,,,violated,holdout,3,1057,headon,vfield,2a82301c38,ok,1,0,0,0,1,0,0.7006,9.1526,2.7258,2.0438,1.555,1,1,33.98,8450,3.45
capacity2,,,violated,holdout,3,1059,headon,vfield,2a82301c38,ok,0,0,0,0,0,0,11.5981,7.1156,2.7258,2.0438,1.555,1,1,,8450,3.47
capacity2,,,violated,holdout,3,1061,headon,vfield,2a82301c38,ok,0,0,0,0,0,0,11.4352,8.0461,2.7258,2.0438,1.555,1,1,,8450,3.47
capacity2,,,violated,holdout,3,1063,headon,vfield,2a82301c38,ok,0,0,0,0,0,0,15.3417,12.8204,2.7258,2.0438,1.555,1,1,,8450,3.42
capacity2,,,violated,holdout,3,1065,headon,vfield,2a82301c38,ok,0,0,0,0,0,0,12.2374,9.0837,2.7258,2.0438,1.555,1,1,,8450,3.44
capacity2,,,violated,holdout,3,1067,headon,vfield,2a82301c38,ok,0,0,0,0,0,0,13.1851,11.8743,2.7258,2.0438,1.555,1,1,,8450,3.4
capacity2,,,violated,holdout,3,1069,headon,vfield,2a82301c38,ok,0,0,0,0,0,0,13.5797,1.1294,2.7258,2.0438,1.555,1,1,,8450,3.52
capacity2,,,violated,holdout,3,1071,headon,vfield,2a82301c38,ok,0,0,0,0,0,0,2.8444,14.2635,2.7258,2.0438,1.555,1,1,,8450,3.49
capacity2,,,violated,holdout,3,1073,headon,vfield,2a82301c38,ok,0,0,0,0,0,0,16.5717,8.3041,2.7258,2.0438,1.555,1,1,,8450,3.47
capacity2,,,violated,holdout,3,1075,headon,vfield,2a82301c38,ok,0,0,0,0,0,0,10.9625,11.5792,2.7258,2.0438,1.555,1,1,,8450,3.47
capacity2,,,violated,holdout,3,1077,headon,vfield,2a82301c38,ok,0,0,0,0,0,0,11.4198,12.6631,2.7258,2.0438,1.555,1,1,,8450,3.52
capacity2,,,violated,holdout,3,1079,headon,vfield,2a82301c38,ok,0,0,0,0,0,0,12.022,15.6239,2.7258,2.0438,1.555,1,1,,8450,3.45
capacity2,,,violated,holdout,3,1081,headon,vfield,2a82301c38,ok,0,0,0,0,0,0,11.2006,14.9318,2.7258,2.0438,1.555,1,1,,8450,3.45
capacity2,,,violated,holdout,3,1083,headon,vfield,2a82301c38,ok,0,0,0,0,0,0,13.881,9.3893,2.7258,2.0438,1.555,1,1,,8450,3.47
capacity2,,,violated,holdout,3,1085,headon,vfield,2a82301c38,ok,0,0,0,0,0,0,15.13,9.6971,2.7258,2.0438,1.555,1,1,,8450,3.45
capacity2,,,violated,holdout,3,1087,headon,vfield,2a82301c38,ok,0,0,0,0,0,0,9.2021,15.664,2.7258,2.0438,1.555,1,1,,8450,3.45
capacity2,,,violated,holdout,3,1089,headon,vfield,2a82301c38,ok,0,0,0,0,0,0,13.3384,11.7466,2.7258,2.0438,1.555,1,1,,8450,3.44
capacity2,,,violated,holdout,3,1091,headon,vfield,2a82301c38,ok,0,0,0,0,0,0,9.0905,10.892,2.7258,2.0438,1.555,1,1,,8450,3.43
capacity2,,,violated,holdout,3,1093,headon,vfield,2a82301c38,ok,0,0,0,0,0,0,16.309,8.8467,2.7258,2.0438,1.555,1,1,,8450,3.45
capacity2,,,violated,holdout,3,1095,headon,vfield,2a82301c38,ok,0,0,0,0,0,0,14.6144,16.4142,2.7258,2.0438,1.555,1,1,,8450,3.43
capacity2,,,violated,holdout,3,1097,headon,vfield,2a82301c38,ok,0,0,0,0,0,0,9.9448,14.1589,2.7258,2.0438,1.555,1,1,,8450,3.46
capacity2,,,violated,holdout,3,1099,headon,vfield,2a82301c38,ok,0,0,0,0,0,0,10.14,14.3734,2.7258,2.0438,1.555,1,1,,8450,3.45
capacity2,,,violated,holdout,4,1001,headon,vfield,2a82301c38,ok,0,0,0,0,0,0,9.3762,8.7849,2.7258,2.0438,1.555,1,1,,8450,3.47
capacity2,,,violated,holdout,4,1003,headon,vfield,2a82301c38,ok,0,0,0,0,0,0,14.3652,6.1416,2.7258,2.0438,1.555,1,1,,8450,3.46
capacity2,,,violated,holdout,4,1005,headon,vfield,2a82301c38,ok,0,0,0,0,0,0,9.757,8.2936,2.7258,2.0438,1.555,1,1,,8450,3.48
capacity2,,,violated,holdout,4,1007,headon,vfield,2a82301c38,ok,0,0,0,0,0,0,10.4817,8.8132,2.7258,2.0438,1.555,1,1,,8450,3.49
capacity2,,,violated,holdout,4,1009,headon,vfield,2a82301c38,ok,0,0,0,0,0,0,10.0824,8.5571,2.7258,2.0438,1.555,1,1,,8450,3.63
capacity2,,,violated,holdout,4,1011,headon,vfield,2a82301c38,ok,0,0,0,0,0,0,3.1392,5.7564,2.7258,2.0438,1.555,1,1,,8450,3.49
capacity2,,,violated,holdout,4,1013,headon,vfield,2a82301c38,ok,0,0,0,0,0,0,9.6281,8.5256,2.7258,2.0438,1.555,1,1,,8450,3.47
capacity2,,,violated,holdout,4,1015,headon,vfield,2a82301c38,ok,0,0,0,0,0,0,11.7476,12.6504,2.7258,2.0438,1.555,1,1,,8450,3.47
capacity2,,,violated,holdout,4,1017,headon,vfield,2a82301c38,ok,0,0,0,0,0,0,12.008,10.7791,2.7258,2.0438,1.555,1,1,,8450,3.44
capacity2,,,violated,holdout,4,1019,headon,vfield,2a82301c38,ok,0,0,0,0,0,0,8.0407,8.5253,2.7258,2.0438,1.555,1,1,,8450,3.48
capacity2,,,violated,holdout,4,1021,headon,vfield,2a82301c38,ok,0,0,0,0,0,0,2.1788,16.9884,2.7258,2.0438,1.555,1,1,,8450,3.44
capacity2,,,violated,holdout,4,1023,headon,vfield,2a82301c38,ok,0,0,0,0,0,0,9.6381,2.0943,2.7258,2.0438,1.555,1,1,,8450,3.46
capacity2,,,violated,holdout,4,1025,headon,vfield,2a82301c38,ok,0,0,0,0,0,0,14.5205,6.2386,2.7258,2.0438,1.555,1,1,,8450,3.47
capacity2,,,violated,holdout,4,1027,headon,vfield,2a82301c38,ok,0,0,0,0,0,0,10.7966,15.6072,2.7258,2.0438,1.555,1,1,,8450,3.47
capacity2,,,violated,holdout,4,1029,headon,vfield,2a82301c38,ok,0,0,0,0,0,0,9.2945,8.9409,2.7258,2.0438,1.555,1,1,,8450,3.46
capacity2,,,violated,holdout,4,1031,headon,vfield,2a82301c38,ok,0,0,0,0,0,0,10.476,8.1426,2.7258,2.0438,1.555,1,1,,8450,3.47
capacity2,,,violated,holdout,4,1033,headon,vfield,2a82301c38,ok,0,0,0,0,0,0,7.3001,12.354,2.7258,2.0438,1.555,1,1,,8450,3.45
capacity2,,,violated,holdout,4,1035,headon,vfield,2a82301c38,ok,0,0,0,0,0,0,8.497,9.6074,2.7258,2.0438,1.555,1,1,,8450,3.45
capacity2,,,violated,holdout,4,1037,headon,vfield,2a82301c38,ok,0,0,0,0,0,0,12.409,4.0856,2.7258,2.0438,1.555,1,1,,8450,3.49
capacity2,,,violated,holdout,4,1039,headon,vfield,2a82301c38,ok,0,0,0,0,0,0,12.0495,8.0891,2.7258,2.0438,1.555,1,1,,8450,3.47
capacity2,,,violated,holdout,4,1041,headon,vfield,2a82301c38,ok,0,0,0,0,0,0,6.2374,5.1743,2.7258,2.0438,1.555,1,1,,8450,3.54
capacity2,,,violated,holdout,4,1043,headon,vfield,2a82301c38,ok,0,0,0,0,0,0,11.9412,11.3047,2.7258,2.0438,1.555,1,1,,8450,3.5
capacity2,,,violated,holdout,4,1045,headon,vfield,2a82301c38,ok,0,0,0,0,0,0,2.1031,6.5325,2.7258,2.0438,1.555,1,1,,8450,3.55
capacity2,,,violated,holdout,4,1047,headon,vfield,2a82301c38,ok,0,0,0,0,0,0,9.4539,15.498,2.7258,2.0438,1.555,1,1,,8450,3.55
capacity2,,,violated,holdout,4,1049,headon,vfield,2a82301c38,ok,0,0,0,0,0,0,7.236,9.0928,2.7258,2.0438,1.555,1,1,,8450,3.55
capacity2,,,violated,holdout,4,1051,headon,vfield,2a82301c38,ok,0,0,0,0,0,0,10.3008,13.2792,2.7258,2.0438,1.555,1,1,,8450,3.51
capacity2,,,violated,holdout,4,1053,headon,vfield,2a82301c38,ok,0,0,0,0,0,0,9.3532,1.2891,2.7258,2.0438,1.555,1,1,,8450,3.52
capacity2,,,violated,holdout,4,1055,headon,vfield,2a82301c38,ok,0,0,0,0,0,0,4.5747,5.0343,2.7258,2.0438,1.555,1,1,,8450,3.53
capacity2,,,violated,holdout,4,1057,headon,vfield,2a82301c38,ok,0,0,0,0,0,0,12.2715,8.6571,2.7258,2.0438,1.555,1,1,,8450,3.45
capacity2,,,violated,holdout,4,1059,headon,vfield,2a82301c38,ok,0,0,0,0,0,0,9.5428,3.6962,2.7258,2.0438,1.555,1,1,,8450,3.49
capacity2,,,violated,holdout,4,1061,headon,vfield,2a82301c38,ok,1,0,0,0,1,0,0.8888,3.0661,2.7258,2.0438,1.555,1,1,-3.47,8450,3.49
capacity2,,,violated,holdout,4,1063,headon,vfield,2a82301c38,ok,0,0,0,0,0,0,7.8859,7.4351,2.7258,2.0438,1.555,1,1,,8450,3.5
capacity2,,,violated,holdout,4,1065,headon,vfield,2a82301c38,ok,0,0,0,0,0,0,13.5006,6.2545,2.7258,2.0438,1.555,1,1,,8450,3.48
capacity2,,,violated,holdout,4,1067,headon,vfield,2a82301c38,ok,0,0,0,0,0,0,12.6045,9.2148,2.7258,2.0438,1.555,1,1,,8450,3.59
capacity2,,,violated,holdout,4,1069,headon,vfield,2a82301c38,ok,0,0,0,0,0,0,4.3009,8.6529,2.7258,2.0438,1.555,1,1,,8450,3.47
capacity2,,,violated,holdout,4,1071,headon,vfield,2a82301c38,ok,0,0,0,0,0,0,5.3202,13.3566,2.7258,2.0438,1.555,1,1,,8450,3.52
capacity2,,,violated,holdout,4,1073,headon,vfield,2a82301c38,ok,0,0,0,0,0,0,11.3556,8.4026,2.7258,2.0438,1.555,1,1,,8450,3.49
capacity2,,,violated,holdout,4,1075,headon,vfield,2a82301c38,ok,0,0,0,0,0,0,14.383,6.837,2.7258,2.0438,1.555,1,1,,8450,3.49
capacity2,,,violated,holdout,4,1077,headon,vfield,2a82301c38,ok,0,0,0,0,0,0,12.2095,7.427,2.7258,2.0438,1.555,1,1,,8450,3.48
capacity2,,,violated,holdout,4,1079,headon,vfield,2a82301c38,ok,0,0,0,0,0,0,4.4142,14.9068,2.7258,2.0438,1.555,1,1,,8450,3.48
capacity2,,,violated,holdout,4,1081,headon,vfield,2a82301c38,ok,0,0,0,0,0,0,6.8522,5.3555,2.7258,2.0438,1.555,1,1,,8450,3.54
capacity2,,,violated,holdout,4,1083,headon,vfield,2a82301c38,ok,0,0,0,0,0,0,11.5929,11.6589,2.7258,2.0438,1.555,1,1,,8450,3.5
capacity2,,,violated,holdout,4,1085,headon,vfield,2a82301c38,ok,0,0,0,0,0,0,11.4987,9.0218,2.7258,2.0438,1.555,1,1,,8450,3.49
capacity2,,,violated,holdout,4,1087,headon,vfield,2a82301c38,ok,0,0,0,0,0,0,11.3978,15.0143,2.7258,2.0438,1.555,1,1,,8450,3.54
capacity2,,,violated,holdout,4,1089,headon,vfield,2a82301c38,ok,0,0,0,0,0,0,2.87,6.7786,2.7258,2.0438,1.555,1,1,,8450,3.54
capacity2,,,violated,holdout,4,1091,headon,vfield,2a82301c38,ok,0,0,0,0,0,0,11.5882,12.9668,2.7258,2.0438,1.555,1,1,,8450,3.63
capacity2,,,violated,holdout,4,1093,headon,vfield,2a82301c38,ok,0,0,0,0,0,0,1.7654,10.3685,2.7258,2.0438,1.555,1,1,,8450,3.61
capacity2,,,violated,holdout,4,1095,headon,vfield,2a82301c38,ok,0,0,0,0,0,0,14.1394,10.4133,2.7258,2.0438,1.555,1,1,,8450,3.5
capacity2,,,violated,holdout,4,1097,headon,vfield,2a82301c38,ok,0,0,0,0,0,0,1.1773,3.9999,2.7258,2.0438,1.555,1,1,,8450,3.67
capacity2,,,violated,holdout,4,1099,headon,vfield,2a82301c38,ok,0,0,0,0,0,0,11.7114,17.296,2.7258,2.0438,1.555,1,1,,8450,3.59
capacity2,,,violated,holdout,6,1001,headon,vfield,2a82301c38,ok,0,0,0,0,0,0,9.7564,9.5133,2.7258,2.0438,1.555,1,1,,8450,3.56
capacity2,,,violated,holdout,6,1003,headon,vfield,2a82301c38,ok,0,0,0,0,0,0,9.307,9.8851,2.7258,2.0438,1.555,1,1,,8450,3.51
capacity2,,,violated,holdout,6,1005,headon,vfield,2a82301c38,ok,0,0,0,0,0,0,14.059,3.3326,2.7258,2.0438,1.555,1,1,,8450,3.52
capacity2,,,violated,holdout,6,1007,headon,vfield,2a82301c38,ok,0,0,0,0,0,0,7.5389,9.1921,2.7258,2.0438,1.555,1,1,,8450,3.52
capacity2,,,violated,holdout,6,1009,headon,vfield,2a82301c38,ok,0,0,0,0,0,0,10.3188,8.8217,2.7258,2.0438,1.555,1,1,,8450,3.53
capacity2,,,violated,holdout,6,1011,headon,vfield,2a82301c38,ok,0,0,0,0,0,0,7.9143,10.4757,2.7258,2.0438,1.555,1,1,,8450,3.52
capacity2,,,violated,holdout,6,1013,headon,vfield,2a82301c38,ok,0,0,0,0,0,0,9.9639,8.2642,2.7258,2.0438,1.555,1,1,,8450,3.49
capacity2,,,violated,holdout,6,1015,headon,vfield,2a82301c38,ok,0,0,0,0,0,0,11.859,2.2005,2.7258,2.0438,1.555,1,1,,8450,3.54
capacity2,,,violated,holdout,6,1017,headon,vfield,2a82301c38,ok,0,0,0,0,0,0,1.1624,14.1336,2.7258,2.0438,1.555,1,1,,8450,3.49
capacity2,,,violated,holdout,6,1019,headon,vfield,2a82301c38,ok,0,0,0,0,0,0,11.4895,8.7694,2.7258,2.0438,1.555,1,1,,8450,3.49
capacity2,,,violated,holdout,6,1021,headon,vfield,2a82301c38,ok,0,0,0,0,0,0,5.5054,8.8452,2.7258,2.0438,1.555,1,1,,8450,3.5
capacity2,,,violated,holdout,6,1023,headon,vfield,2a82301c38,ok,1,0,1,0,0,0,11.5015,0.8204,2.7258,2.0438,1.555,1,1,12.89,8450,3.53
capacity2,,,violated,holdout,6,1025,headon,vfield,2a82301c38,ok,0,0,0,0,0,0,3.2275,13.0458,2.7258,2.0438,1.555,1,1,,8450,3.52
capacity2,,,violated,holdout,6,1027,headon,vfield,2a82301c38,ok,0,0,0,0,0,0,10.2642,4.5733,2.7258,2.0438,1.555,1,1,,8450,3.54
capacity2,,,violated,holdout,6,1029,headon,vfield,2a82301c38,ok,0,0,0,0,0,0,3.6832,11.3037,2.7258,2.0438,1.555,1,1,,8450,3.5
capacity2,,,violated,holdout,6,1031,headon,vfield,2a82301c38,ok,0,0,0,0,0,0,9.7245,6.2532,2.7258,2.0438,1.555,1,1,,8450,3.47
capacity2,,,violated,holdout,6,1033,headon,vfield,2a82301c38,ok,0,0,0,0,0,0,10.4309,12.6068,2.7258,2.0438,1.555,1,1,,8450,3.47
capacity2,,,violated,holdout,6,1035,headon,vfield,2a82301c38,ok,0,0,0,0,0,0,5.4486,7.7946,2.7258,2.0438,1.555,1,1,,8450,3.54
capacity2,,,violated,holdout,6,1037,headon,vfield,2a82301c38,ok,0,0,0,0,0,0,11.755,8.5942,2.7258,2.0438,1.555,1,1,,8450,3.51
capacity2,,,violated,holdout,6,1039,headon,vfield,2a82301c38,ok,0,0,0,0,0,0,11.8699,8.7172,2.7258,2.0438,1.555,1,1,,8450,3.52
capacity2,,,violated,holdout,6,1041,headon,vfield,2a82301c38,ok,0,0,0,0,0,0,11.6516,5.9043,2.7258,2.0438,1.555,1,1,,8450,3.45
capacity2,,,violated,holdout,6,1043,headon,vfield,2a82301c38,ok,0,0,0,0,0,0,3.3558,2.0347,2.7258,2.0438,1.555,1,1,,8450,3.44
capacity2,,,violated,holdout,6,1045,headon,vfield,2a82301c38,ok,0,0,0,0,0,0,1.9194,8.8581,2.7258,2.0438,1.555,1,1,,8450,3.44
capacity2,,,violated,holdout,6,1047,headon,vfield,2a82301c38,ok,0,0,0,0,0,0,7.5452,12.713,2.7258,2.0438,1.555,1,1,,8450,3.49
capacity2,,,violated,holdout,6,1049,headon,vfield,2a82301c38,ok,0,0,0,0,0,0,4.7993,2.4371,2.7258,2.0438,1.555,1,1,,8450,3.53
capacity2,,,violated,holdout,6,1051,headon,vfield,2a82301c38,ok,0,0,0,0,0,0,12.276,12.7471,2.7258,2.0438,1.555,1,1,,8450,3.54
capacity2,,,violated,holdout,6,1053,headon,vfield,2a82301c38,ok,0,0,0,0,0,0,8.2497,7.7239,2.7258,2.0438,1.555,1,1,,8450,3.43
capacity2,,,violated,holdout,6,1055,headon,vfield,2a82301c38,ok,0,0,0,0,0,0,9.6364,1.2643,2.7258,2.0438,1.555,1,1,,8450,3.5
capacity2,,,violated,holdout,6,1057,headon,vfield,2a82301c38,ok,0,0,0,0,0,0,7.4042,6.3002,2.7258,2.0438,1.555,1,1,,8450,3.51
capacity2,,,violated,holdout,6,1059,headon,vfield,2a82301c38,ok,0,0,0,0,0,0,6.1933,7.4363,2.7258,2.0438,1.555,1,1,,8450,3.53
capacity2,,,violated,holdout,6,1061,headon,vfield,2a82301c38,ok,0,0,0,0,0,0,3.1404,4.3158,2.7258,2.0438,1.555,1,1,,8450,3.5
capacity2,,,violated,holdout,6,1063,headon,vfield,2a82301c38,ok,0,0,0,0,0,0,2.5347,5.8828,2.7258,2.0438,1.555,1,1,,8450,3.49
capacity2,,,violated,holdout,6,1065,headon,vfield,2a82301c38,ok,1,0,0,0,1,0,0.441,6.4819,2.7258,2.0438,1.555,1,1,5.67,8450,3.56
capacity2,,,violated,holdout,6,1067,headon,vfield,2a82301c38,ok,0,0,0,0,0,0,7.4522,11.6637,2.7258,2.0438,1.555,1,1,,8450,3.47
capacity2,,,violated,holdout,6,1069,headon,vfield,2a82301c38,ok,0,0,0,0,0,0,13.1646,6.0153,2.7258,2.0438,1.555,1,1,,8450,3.47
capacity2,,,violated,holdout,6,1071,headon,vfield,2a82301c38,ok,0,0,0,0,0,0,12.2657,13.7085,2.7258,2.0438,1.555,1,1,,8450,3.43
capacity2,,,violated,holdout,6,1073,headon,vfield,2a82301c38,ok,0,0,0,0,0,0,1.6634,8.2597,2.7258,2.0438,1.555,1,1,,8450,3.46
capacity2,,,violated,holdout,6,1075,headon,vfield,2a82301c38,ok,0,0,0,0,0,0,7.7978,7.1625,2.7258,2.0438,1.555,1,1,,8450,3.45
capacity2,,,violated,holdout,6,1077,headon,vfield,2a82301c38,ok,1,0,0,1,0,0,0.7016,13.1239,2.7258,2.0438,1.555,1,1,41.64,8450,3.43
capacity2,,,violated,holdout,6,1079,headon,vfield,2a82301c38,ok,0,0,0,0,0,0,7.3747,8.9387,2.7258,2.0438,1.555,1,1,,8450,3.46
capacity2,,,violated,holdout,6,1081,headon,vfield,2a82301c38,ok,0,0,0,0,0,0,3.9261,8.7469,2.7258,2.0438,1.555,1,1,,8450,3.52
capacity2,,,violated,holdout,6,1083,headon,vfield,2a82301c38,ok,0,0,0,0,0,0,10.1686,15.7452,2.7258,2.0438,1.555,1,1,,8450,3.45
capacity2,,,violated,holdout,6,1085,headon,vfield,2a82301c38,ok,0,0,0,0,0,0,1.6392,1.6971,2.7258,2.0438,1.555,1,1,,8450,3.51
capacity2,,,violated,holdout,6,1087,headon,vfield,2a82301c38,ok,1,0,1,0,0,0,10.2285,0.6587,2.7258,2.0438,1.555,1,1,14.76,8450,3.52
capacity2,,,violated,holdout,6,1089,headon,vfield,2a82301c38,ok,1,0,1,0,0,0,2.2647,0.2847,2.7258,2.0438,1.555,1,1,19.11,8450,3.5
capacity2,,,violated,holdout,6,1091,headon,vfield,2a82301c38,ok,0,0,0,0,0,0,9.1828,14.8016,2.7258,2.0438,1.555,1,1,,8450,3.56
capacity2,,,violated,holdout,6,1093,headon,vfield,2a82301c38,ok,0,0,0,0,0,0,8.821,5.7492,2.7258,2.0438,1.555,1,1,,8450,3.55
capacity2,,,violated,holdout,6,1095,headon,vfield,2a82301c38,ok,1,0,0,0,1,0,0.1597,5.7665,2.7258,2.0438,1.555,1,1,34.66,8450,3.5
capacity2,,,violated,holdout,6,1097,headon,vfield,2a82301c38,ok,0,0,0,0,0,0,12.0963,3.9145,2.7258,2.0438,1.555,1,1,,8450,3.5
capacity2,,,violated,holdout,6,1099,headon,vfield,2a82301c38,ok,0,0,0,0,0,0,9.9182,10.2739,2.7258,2.0438,1.555,1,1,,8450,3.49
capacity2,,,violated,holdout,8,1001,headon,vfield,2a82301c38,ok,0,0,0,0,0,0,10.2926,2.7776,2.7258,2.0438,1.555,1,1,,8450,3.54
capacity2,,,violated,holdout,8,1003,headon,vfield,2a82301c38,ok,0,0,0,0,0,0,2.3342,3.8549,2.7258,2.0438,1.555,1,1,,8450,3.56
capacity2,,,violated,holdout,8,1005,headon,vfield,2a82301c38,ok,0,0,0,0,0,0,10.1665,7.2889,2.7258,2.0438,1.555,1,1,,8450,3.51
capacity2,,,violated,holdout,8,1007,headon,vfield,2a82301c38,ok,0,0,0,0,0,0,5.0699,8.1724,2.7258,2.0438,1.555,1,1,,8450,3.56
capacity2,,,violated,holdout,8,1009,headon,vfield,2a82301c38,ok,0,0,0,0,0,0,4.3041,5.9969,2.7258,2.0438,1.555,1,1,,8450,3.6
capacity2,,,violated,holdout,8,1011,headon,vfield,2a82301c38,ok,0,0,0,0,0,0,9.1313,4.6544,2.7258,2.0438,1.555,1,1,,8450,3.58
capacity2,,,violated,holdout,8,1013,headon,vfield,2a82301c38,ok,1,0,0,1,0,0,0.1062,8.8671,2.7258,2.0438,1.555,1,1,16.44,8450,3.65
capacity2,,,violated,holdout,8,1015,headon,vfield,2a82301c38,ok,0,0,0,0,0,0,1.4643,13.5311,2.7258,2.0438,1.555,1,1,,8450,3.61
capacity2,,,violated,holdout,8,1017,headon,vfield,2a82301c38,ok,0,0,0,0,0,0,4.5048,7.5894,2.7258,2.0438,1.555,1,1,,8450,3.56
capacity2,,,violated,holdout,8,1019,headon,vfield,2a82301c38,ok,0,0,0,0,0,0,11.6641,7.852,2.7258,2.0438,1.555,1,1,,8450,3.71
capacity2,,,violated,holdout,8,1021,headon,vfield,2a82301c38,ok,0,0,0,0,0,0,9.425,11.8509,2.7258,2.0438,1.555,1,1,,8450,3.59
capacity2,,,violated,holdout,8,1023,headon,vfield,2a82301c38,ok,0,0,0,0,0,0,3.794,8.6274,2.7258,2.0438,1.555,1,1,,8450,3.61
capacity2,,,violated,holdout,8,1025,headon,vfield,2a82301c38,ok,0,0,0,0,0,0,6.9474,6.5863,2.7258,2.0438,1.555,1,1,,8450,3.59
capacity2,,,violated,holdout,8,1027,headon,vfield,2a82301c38,ok,0,0,0,0,0,0,7.848,7.3989,2.7258,2.0438,1.555,1,1,,8450,3.59
capacity2,,,violated,holdout,8,1029,headon,vfield,2a82301c38,ok,0,0,0,0,0,0,6.3761,8.5739,2.7258,2.0438,1.555,1,1,,8450,3.57
capacity2,,,violated,holdout,8,1031,headon,vfield,2a82301c38,ok,0,0,0,0,0,0,10.1954,6.9312,2.7258,2.0438,1.555,1,1,,8450,3.55
capacity2,,,violated,holdout,8,1033,headon,vfield,2a82301c38,ok,0,0,0,0,0,0,8.5751,1.9395,2.7258,2.0438,1.555,1,1,,8450,3.55
capacity2,,,violated,holdout,8,1035,headon,vfield,2a82301c38,ok,0,0,0,0,0,0,7.5546,10.0332,2.7258,2.0438,1.555,1,1,,8450,3.58
capacity2,,,violated,holdout,8,1037,headon,vfield,2a82301c38,ok,0,0,0,0,0,0,9.0807,4.418,2.7258,2.0438,1.555,1,1,,8450,3.59
capacity2,,,violated,holdout,8,1039,headon,vfield,2a82301c38,ok,1,0,1,0,0,0,10.0272,0.5398,2.7258,2.0438,1.555,1,1,21.88,8450,3.55
capacity2,,,violated,holdout,8,1041,headon,vfield,2a82301c38,ok,1,0,0,1,0,0,0.5848,7.8036,2.7258,2.0438,1.555,1,1,20.38,8450,3.49
capacity2,,,violated,holdout,8,1043,headon,vfield,2a82301c38,ok,0,0,0,0,0,0,6.3294,12.2733,2.7258,2.0438,1.555,1,1,,8450,3.62
capacity2,,,violated,holdout,8,1045,headon,vfield,2a82301c38,ok,1,0,0,0,1,0,0.7048,5.5475,2.7258,2.0438,1.555,1,1,20.52,8450,3.56
capacity2,,,violated,holdout,8,1047,headon,vfield,2a82301c38,ok,0,0,0,0,0,0,4.7195,1.9921,2.7258,2.0438,1.555,1,1,,8450,3.59
capacity2,,,violated,holdout,8,1049,headon,vfield,2a82301c38,ok,0,0,0,0,0,0,3.9669,7.9425,2.7258,2.0438,1.555,1,1,,8450,3.58
capacity2,,,violated,holdout,8,1051,headon,vfield,2a82301c38,ok,0,0,0,0,0,0,11.4008,11.6169,2.7258,2.0438,1.555,1,1,,8450,3.56
capacity2,,,violated,holdout,8,1053,headon,vfield,2a82301c38,ok,0,0,0,0,0,0,3.7129,2.1848,2.7258,2.0438,1.555,1,1,,8450,3.66
capacity2,,,violated,holdout,8,1055,headon,vfield,2a82301c38,ok,0,0,0,0,0,0,3.2592,10.3336,2.7258,2.0438,1.555,1,1,,8450,3.52
capacity2,,,violated,holdout,8,1057,headon,vfield,2a82301c38,ok,0,0,0,0,0,0,10.7481,9.9096,2.7258,2.0438,1.555,1,1,,8450,3.58
capacity2,,,violated,holdout,8,1059,headon,vfield,2a82301c38,ok,0,0,0,0,0,0,9.1566,12.0965,2.7258,2.0438,1.555,1,1,,8450,3.58
capacity2,,,violated,holdout,8,1061,headon,vfield,2a82301c38,ok,0,0,0,0,0,0,1.7481,9.3883,2.7258,2.0438,1.555,1,1,,8450,3.56
capacity2,,,violated,holdout,8,1063,headon,vfield,2a82301c38,ok,0,0,0,0,0,0,2.7416,4.478,2.7258,2.0438,1.555,1,1,,8450,3.59
capacity2,,,violated,holdout,8,1065,headon,vfield,2a82301c38,ok,0,0,0,0,0,0,4.487,2.5943,2.7258,2.0438,1.555,1,1,,8450,3.55
capacity2,,,violated,holdout,8,1067,headon,vfield,2a82301c38,ok,0,0,0,0,0,0,11.4462,4.9762,2.7258,2.0438,1.555,1,1,,8450,3.61
capacity2,,,violated,holdout,8,1069,headon,vfield,2a82301c38,ok,0,0,0,0,0,0,5.9264,3.7433,2.7258,2.0438,1.555,1,1,,8450,3.71
capacity2,,,violated,holdout,8,1071,headon,vfield,2a82301c38,ok,0,0,0,0,0,0,9.4453,11.6893,2.7258,2.0438,1.555,1,1,,8450,3.64
capacity2,,,violated,holdout,8,1073,headon,vfield,2a82301c38,ok,0,0,0,0,0,0,10.0886,8.448,2.7258,2.0438,1.555,1,1,,8450,3.6
capacity2,,,violated,holdout,8,1075,headon,vfield,2a82301c38,ok,0,0,0,0,0,0,4.1657,10.2462,2.7258,2.0438,1.555,1,1,,8450,3.57
capacity2,,,violated,holdout,8,1077,headon,vfield,2a82301c38,ok,0,0,0,0,0,0,6.9618,9.457,2.7258,2.0438,1.555,1,1,,8450,3.61
capacity2,,,violated,holdout,8,1079,headon,vfield,2a82301c38,ok,0,0,0,0,0,0,6.3267,9.2306,2.7258,2.0438,1.555,1,1,,8450,3.61
capacity2,,,violated,holdout,8,1081,headon,vfield,2a82301c38,ok,0,0,0,0,0,0,5.6645,12.1815,2.7258,2.0438,1.555,1,1,,8450,3.59
capacity2,,,violated,holdout,8,1083,headon,vfield,2a82301c38,ok,2,0,1,0,1,0,0.0229,0.674,2.7258,2.0438,1.555,1,1,24.65,8450,3.59
capacity2,,,violated,holdout,8,1085,headon,vfield,2a82301c38,ok,1,0,1,0,0,0,7.4843,0.6687,2.7258,2.0438,1.555,1,1,12.29,8450,3.71
capacity2,,,violated,holdout,8,1087,headon,vfield,2a82301c38,ok,0,0,0,0,0,0,7.498,7.6565,2.7258,2.0438,1.555,1,1,,8450,3.66
capacity2,,,violated,holdout,8,1089,headon,vfield,2a82301c38,ok,1,0,1,0,0,0,4.0703,0.4344,2.7258,2.0438,1.555,1,1,37.71,8450,3.64
capacity2,,,violated,holdout,8,1091,headon,vfield,2a82301c38,ok,0,0,0,0,0,0,8.4527,4.5211,2.7258,2.0438,1.555,1,1,,8450,3.86
capacity2,,,violated,holdout,8,1093,headon,vfield,2a82301c38,ok,0,0,0,0,0,0,9.6737,5.2889,2.7258,2.0438,1.555,1,1,,8450,3.6
capacity2,,,violated,holdout,8,1095,headon,vfield,2a82301c38,ok,0,0,0,0,0,0,3.436,1.9096,2.7258,2.0438,1.555,1,1,,8450,3.62
capacity2,,,violated,holdout,8,1097,headon,vfield,2a82301c38,ok,0,0,0,0,0,0,2.2966,10.1534,2.7258,2.0438,1.555,1,1,,8450,3.6
capacity2,,,violated,holdout,8,1099,headon,vfield,2a82301c38,ok,0,0,0,0,0,0,9.5209,9.4438,2.7258,2.0438,1.555,1,1,,8450,3.58
capacity2,,,violated,holdout,12,1001,headon,vfield,2a82301c38,ok,0,0,0,0,0,0,1.6541,1.0499,2.7258,2.0438,1.555,1,1,,8450,3.8
capacity2,,,violated,holdout,12,1003,headon,vfield,2a82301c38,ok,0,0,0,0,0,0,1.4285,3.9208,2.7258,2.0438,1.555,1,1,,8450,3.83
capacity2,,,violated,holdout,12,1005,headon,vfield,2a82301c38,ok,0,0,0,0,0,0,4.5883,10.4756,2.7258,2.0438,1.555,1,1,,8450,3.8
capacity2,,,violated,holdout,12,1007,headon,vfield,2a82301c38,ok,2,0,1,0,1,0,0.976,0.6869,2.7258,2.0438,1.555,1,1,24.5,8450,3.76
capacity2,,,violated,holdout,12,1009,headon,vfield,2a82301c38,ok,1,0,1,0,0,0,2.9619,0.701,2.7258,2.0438,1.555,1,1,17.26,8450,3.86
capacity2,,,violated,holdout,12,1011,headon,vfield,2a82301c38,ok,0,0,0,0,0,0,4.4037,2.6059,2.7258,2.0438,1.555,1,1,,8450,3.79
capacity2,,,violated,holdout,12,1013,headon,vfield,2a82301c38,ok,0,0,0,0,0,0,6.0581,3.8037,2.7258,2.0438,1.555,1,1,,8450,3.78
capacity2,,,violated,holdout,12,1015,headon,vfield,2a82301c38,ok,0,0,0,0,0,0,4.9435,9.5016,2.7258,2.0438,1.555,1,1,,8450,3.8
capacity2,,,violated,holdout,12,1017,headon,vfield,2a82301c38,ok,0,0,0,0,0,0,3.2353,7.2159,2.7258,2.0438,1.555,1,1,,8450,3.79
capacity2,,,violated,holdout,12,1019,headon,vfield,2a82301c38,ok,0,0,0,0,0,0,2.8327,3.8772,2.7258,2.0438,1.555,1,1,,8450,3.79
capacity2,,,violated,holdout,12,1021,headon,vfield,2a82301c38,ok,0,0,0,0,0,0,5.3973,9.1748,2.7258,2.0438,1.555,1,1,,8450,3.79
capacity2,,,violated,holdout,12,1023,headon,vfield,2a82301c38,ok,0,0,0,0,0,0,1.296,9.9427,2.7258,2.0438,1.555,1,1,,8450,3.82
capacity2,,,violated,holdout,12,1025,headon,vfield,2a82301c38,ok,0,0,0,0,0,0,1.5328,5.5253,2.7258,2.0438,1.555,1,1,,8450,3.8
capacity2,,,violated,holdout,12,1027,headon,vfield,2a82301c38,ok,1,0,0,0,1,0,0.3742,6.9563,2.7258,2.0438,1.555,1,1,43.62,8450,3.79
capacity2,,,violated,holdout,12,1029,headon,vfield,2a82301c38,ok,1,0,0,1,0,0,0.1639,5.391,2.7258,2.0438,1.555,1,1,11.39,8450,3.8
capacity2,,,violated,holdout,12,1031,headon,vfield,2a82301c38,ok,0,0,0,0,0,0,10.5418,7.967,2.7258,2.0438,1.555,1,1,,8450,3.83
capacity2,,,violated,holdout,12,1033,headon,vfield,2a82301c38,ok,0,0,0,0,0,0,1.6844,10.2461,2.7258,2.0438,1.555,1,1,,8450,3.88
capacity2,,,violated,holdout,12,1035,headon,vfield,2a82301c38,ok,0,0,0,0,0,0,2.0432,5.3428,2.7258,2.0438,1.555,1,1,,8450,3.85
capacity2,,,violated,holdout,12,1037,headon,vfield,2a82301c38,ok,0,0,0,0,0,0,3.1062,10.272,2.7258,2.0438,1.555,1,1,,8450,3.8
capacity2,,,violated,holdout,12,1039,headon,vfield,2a82301c38,ok,0,0,0,0,0,0,10.1347,9.2113,2.7258,2.0438,1.555,1,1,,8450,3.78
capacity2,,,violated,holdout,12,1041,headon,vfield,2a82301c38,ok,0,0,0,0,0,0,3.7349,5.0753,2.7258,2.0438,1.555,1,1,,8450,3.79
capacity2,,,violated,holdout,12,1043,headon,vfield,2a82301c38,ok,0,0,0,0,0,0,1.7278,4.5405,2.7258,2.0438,1.555,1,1,,8450,3.81
capacity2,,,violated,holdout,12,1045,headon,vfield,2a82301c38,ok,0,0,0,0,0,0,1.8608,4.2948,2.7258,2.0438,1.555,1,1,,8450,4.05
capacity2,,,violated,holdout,12,1047,headon,vfield,2a82301c38,ok,0,0,0,0,0,0,7.7887,8.3457,2.7258,2.0438,1.555,1,1,,8450,3.82
capacity2,,,violated,holdout,12,1049,headon,vfield,2a82301c38,ok,0,0,0,0,0,0,3.2444,8.8227,2.7258,2.0438,1.555,1,1,,8450,3.81
capacity2,,,violated,holdout,12,1051,headon,vfield,2a82301c38,ok,0,0,0,0,0,0,2.4413,6.1204,2.7258,2.0438,1.555,1,1,,8450,3.79
capacity2,,,violated,holdout,12,1053,headon,vfield,2a82301c38,ok,1,0,0,1,0,0,0.8607,8.0515,2.7258,2.0438,1.555,1,1,29.68,8450,3.81
capacity2,,,violated,holdout,12,1055,headon,vfield,2a82301c38,ok,0,0,0,0,0,0,3.184,13.0026,2.7258,2.0438,1.555,1,1,,8450,3.75
capacity2,,,violated,holdout,12,1057,headon,vfield,2a82301c38,ok,0,0,0,0,0,0,1.9152,3.9307,2.7258,2.0438,1.555,1,1,,8450,3.81
capacity2,,,violated,holdout,12,1059,headon,vfield,2a82301c38,ok,0,0,0,0,0,0,2.5263,9.7361,2.7258,2.0438,1.555,1,1,,8450,3.77
capacity2,,,violated,holdout,12,1061,headon,vfield,2a82301c38,ok,1,0,1,0,0,0,8.3656,0.0384,2.7258,2.0438,1.555,1,1,16.17,8450,3.76
capacity2,,,violated,holdout,12,1063,headon,vfield,2a82301c38,ok,0,0,0,0,0,0,3.3573,8.7318,2.7258,2.0438,1.555,1,1,,8450,3.85
capacity2,,,violated,holdout,12,1065,headon,vfield,2a82301c38,ok,1,0,1,0,0,0,5.7199,0.6299,2.7258,2.0438,1.555,1,1,24.03,8450,3.89
capacity2,,,violated,holdout,12,1067,headon,vfield,2a82301c38,ok,1,0,0,1,0,0,0.5987,5.1736,2.7258,2.0438,1.555,1,1,5.49,8450,3.81
capacity2,,,violated,holdout,12,1069,headon,vfield,2a82301c38,ok,0,0,0,0,0,0,2.4823,7.5719,2.7258,2.0438,1.555,1,1,,8450,3.78
capacity2,,,violated,holdout,12,1071,headon,vfield,2a82301c38,ok,0,0,0,0,0,0,1.9735,6.88,2.7258,2.0438,1.555,1,1,,8450,3.77
capacity2,,,violated,holdout,12,1073,headon,vfield,2a82301c38,ok,1,0,1,0,0,0,7.9519,0.8951,2.7258,2.0438,1.555,1,1,15.91,8450,3.89
capacity2,,,violated,holdout,12,1075,headon,vfield,2a82301c38,ok,0,0,0,0,0,0,7.3989,9.3687,2.7258,2.0438,1.555,1,1,,8450,3.84
capacity2,,,violated,holdout,12,1077,headon,vfield,2a82301c38,ok,1,0,1,0,0,0,2.1715,0.6658,2.7258,2.0438,1.555,1,1,15.33,8450,3.82
capacity2,,,violated,holdout,12,1079,headon,vfield,2a82301c38,ok,0,0,0,0,0,0,2.456,9.7723,2.7258,2.0438,1.555,1,1,,8450,3.85
capacity2,,,violated,holdout,12,1081,headon,vfield,2a82301c38,ok,0,0,0,0,0,0,9.8701,12.493,2.7258,2.0438,1.555,1,1,,8450,3.83
capacity2,,,violated,holdout,12,1083,headon,vfield,2a82301c38,ok,0,0,0,0,0,0,5.1709,1.9248,2.7258,2.0438,1.555,1,1,,8450,3.75
capacity2,,,violated,holdout,12,1085,headon,vfield,2a82301c38,ok,0,0,0,0,0,0,1.2676,4.9677,2.7258,2.0438,1.555,1,1,,8450,3.75
capacity2,,,violated,holdout,12,1087,headon,vfield,2a82301c38,ok,0,0,0,0,0,0,5.9208,11.3948,2.7258,2.0438,1.555,1,1,,8450,3.77
capacity2,,,violated,holdout,12,1089,headon,vfield,2a82301c38,ok,0,0,0,0,0,0,1.6935,7.5674,2.7258,2.0438,1.555,1,1,,8450,3.69
capacity2,,,violated,holdout,12,1091,headon,vfield,2a82301c38,ok,1,0,0,1,0,0,0.414,6.175,2.7258,2.0438,1.555,1,1,28.22,8450,3.7
capacity2,,,violated,holdout,12,1093,headon,vfield,2a82301c38,ok,0,0,0,0,0,0,3.0848,3.5091,2.7258,2.0438,1.555,1,1,,8450,3.72
capacity2,,,violated,holdout,12,1095,headon,vfield,2a82301c38,ok,0,0,0,0,0,0,2.6553,1.114,2.7258,2.0438,1.555,1,1,,8450,3.71
capacity2,,,violated,holdout,12,1097,headon,vfield,2a82301c38,ok,0,0,0,0,0,0,4.1502,9.26,2.7258,2.0438,1.555,1,1,,8450,3.75
capacity2,,,violated,holdout,12,1099,headon,vfield,2a82301c38,ok,0,0,0,0,0,0,8.0358,13.672,2.7258,2.0438,1.555,1,1,,8450,3.68
