condition,nFan,trial,seed,reachedGoal,chi2pos_sum,chi2ang_sum,errFinal,errSettled,spreadFinal,headErrFinalDeg,fanCapHits,fanFanPairs,anyCollision,spawnPairs,spawnCapHits,minSepPair,minSepCap,wallFrac
single_walled,1,6,621,1,55.97876494149371,0.14601572859338635,7.48189581199135,7.653594609975385,7.48189581199135,21.89386583104866,1,0,1,0,0,,0.7926049931184695,0.23155971683032656
single_walled,1,7,722,1,56.11832183727709,0.23384048542343622,7.491216312273801,7.8273568817885435,7.491216312273801,27.706552121075713,1,0,1,0,0,,0.6520057907366502,0.2158026946791505
single_walled,1,2,217,1,58.264258686912264,4.342767798871419,7.633102821717539,7.786089106782606,7.633102821717539,119.4004426573102,0,0,0,0,0,,1.7650155850689784,0.0701073304407399
single_walled,1,3,318,1,56.380345496770715,0.05822938710199007,7.508684671550053,7.274862626683168,7.508684671550053,13.825910521036397,1,0,1,0,0,,0.5885226325537705,0.05115323133135419
single_walled,1,4,419,1,56.11828302266239,0.12096799342836449,7.491213721598283,7.561743953332159,7.491213721598283,19.927731857258966,1,0,1,0,0,,0.5692491392767007,0.20872345284311486
single_walled,1,5,520,1,56.372048731399595,1.90899143655998,7.5081321732771595,7.250702992653449,7.5081321732771595,79.16343354135888,0,0,0,0,0,,1.1706532008027948,0.05617720940854076
single_walled,1,0,15,1,56.25395287834102,0.009263754754750388,7.500263520593195,7.8092342078661074,7.500263520593195,5.514627179950251,0,0,0,0,0,,7.431250338495408,0.1564284083124001
single_walled,1,1,116,1,56.138911366341866,1.1602267780092803,7.492590430975249,7.4871646481514365,7.492590430975249,61.715474836563736,1,0,1,0,0,,0.9862865926230583,0.2283626398721169
single_walled,1,8,823,1,56.13053390411585,0.67214912693974,7.492031360326507,7.620931519426024,7.492031360326507,46.973773768695956,0,0,0,0,0,,1.62764466240597,0.16282256222881936
single_walled,1,9,924,1,56.114453734906974,0.107009574550748,7.490958131968632,7.842199106494207,7.490958131968632,18.742777564898184,1,0,1,0,0,,0.5524943621772873,0.20324274948618407
single_walled,1,10,1025,1,56.120716577657774,0.21702938024340257,7.4913761471212865,7.733002712644281,7.4913761471212865,26.69204802187639,1,0,1,0,0,,0.7899216989509202,0.27175154144781916
single_walled,1,11,1126,1,56.255897831298974,0.00012621327878024736,7.500393178447312,8.131010566608847,7.500393178447312,0.6436876206946958,0,0,0,0,0,,6.252976515097796,0.1242292760904316
single_walled,1,12,1227,1,95.94712169028121,0.507457573402229,9.795260164502075,8.565809731954449,9.795260164502075,40.81525381920818,1,0,1,0,0,,0.4136469119530603,0.0
single_walled,1,13,1328,1,56.74700181092895,3.1947564959338557,7.533060587233383,7.420762069761959,7.533060587233383,102.40979890417191,0,0,0,0,0,,2.0027918316850988,0.06645352820278602
single_walled,1,14,1429,1,61.807053623062274,5.967524317401701,7.861746219706044,7.555435305220265,7.861746219706044,139.9650910870843,0,0,0,0,0,,1.7218556855270095,0.06554007764329756
single_walled,1,15,1530,1,56.36107016380491,2.2805824355292805,7.507401025908028,7.284621576087654,7.507401025908028,86.5257794017527,0,0,0,0,0,,1.1951364251966425,0.06691025348253025
single_walled,1,16,1631,1,56.79058189301478,3.176323421438573,7.535952620141317,7.909673985322756,7.535952620141317,102.11392998797753,0,0,0,0,0,,1.1786237736264107,0.06691025348253025
single_walled,1,17,1732,1,56.10338195438585,0.778677990842275,7.4902190858736475,7.5254483595489345,7.4902190858736475,50.559361674683025,0,0,0,0,0,,1.591459145534396,0.25325416761817765
single_walled,1,18,1833,1,56.382497814305566,1.6540192327354606,7.508827992057453,7.233998319916901,7.508827992057453,73.68734518399698,0,0,0,0,0,,5.6833117385992225,0.051838319250970544
single_walled,1,19,1934,1,56.38300958158583,0.8578999488142854,7.508862069687113,7.535754227695442,7.508862069687113,53.069006017093315,1,0,1,0,0,,0.8870240818328277,0.06462662708380909
single_walled,1,20,2035,1,56.134767204821514,0.5286298952547892,7.492313875220493,7.449567552757534,7.492313875220493,41.65800735691117,0,0,0,0,0,,1.6445283945637723,0.1687599908654944
single_walled,1,21,2136,1,56.10585664558783,1.0743709571376725,7.490384278899703,7.3774070469508475,7.490384278899703,59.38814528472619,0,0,0,0,0,,1.8242853233870584,0.18017812285910026
single_walled,1,22,2237,1,56.12525821299323,0.27312914585181003,7.491679265224402,7.667156920982865,7.491679265224402,29.943782232303352,1,0,1,0,0,,0.5245567163424036,0.09340031970769581
single_walled,1,23,2338,1,56.060324193896335,0.3652031916049883,7.48734426842364,7.595083929170103,7.48734426842364,34.625010562387,0,0,0,0,0,,1.2717730520073798,0.36263987211692167
single_walled,1,24,2439,1,60.40192575887676,5.404659307074289,7.771867585006628,7.401852219586918,7.771867585006628,133.20078788398195,0,0,0,0,0,,1.7472061868574784,0.06896551724137931
single_walled,1,25,2540,1,60.10081756658114,5.227744403207117,7.7524717069191,7.47306890952856,7.7524717069191,131.0025668568623,0,0,0,0,0,,1.828198498790279,0.06942224252112354
single_walled,1,30,3045,1,56.13767573663404,1.2161192292415404,7.492507973745109,7.478153407619492,7.492507973745109,63.184522852716995,0,0,0,0,0,,1.9990509093013697,0.17309888102306462
single_walled,1,31,3146,1,55.77552375465331,0.10561971427377673,7.46830126298165,7.843020678342054,7.46830126298165,18.62066241314686,0,0,0,0,0,,1.572781199529429,0.15779858415163278
single_walled,1,26,2641,1,56.12042033036609,0.8607060559412659,7.4913563745403335,7.509822634542633,7.4913563745403335,53.15572693452279,0,0,0,0,0,,1.226217601736879,0.2799725964832153
single_walled,1,27,2742,1,56.32659100395424,0.03294267514011866,7.505104329984643,7.485156820203542,7.505104329984643,10.399251085359731,0,0,0,0,1,,1.331932665488044,0.11258278145695365
single_walled,1,28,2843,1,56.176397516134145,5.9951743371928706e-05,7.495091561557747,8.122800768441794,7.495091561557747,0.4436326902242913,0,0,0,0,0,,5.075239741303068,0.11646494633477963
single_walled,1,29,2944,1,56.12574941992694,0.6957157956056994,7.4917120486526265,7.49294407683699,7.4917120486526265,47.7901687757834,0,0,0,0,0,,1.8066803704733072,0.16921671614523864
single_walled,1,32,3247,1,56.464041667602864,2.70524434616274,7.514255895802515,7.349165604084037,7.514255895802515,94.23796112987807,0,0,0,0,0,,1.5242529244240508,0.06394153916419273
single_walled,1,33,3348,1,56.12574127286565,0.6600968545319122,7.491711504914325,7.434778768889873,7.491711504914325,46.55072658595288,0,0,0,0,0,,1.666553581851737,0.19136789221283398
single_walled,1,38,3853,1,61.87882054612844,6.082541837999803,7.866309207381085,7.3935892792066396,7.866309207381085,141.3074908488501,0,0,0,0,0,,5.450191190606958,0.06508335236355332
single_walled,1,39,3954,1,56.08630638821777,0.674408943243331,7.489079141537882,7.427184882616989,7.489079141537882,47.05267220237249,0,0,0,0,0,,1.3308055222923132,0.1954784197305321
single_walled,1,36,3651,1,56.18503344854273,0.10251934170441548,7.495667645283023,7.48851130832893,7.495667645283023,18.34533035805785,1,0,1,0,0,,0.4663619762608111,0.1915962548527061
single_walled,1,37,3752,1,56.36446494196066,0.5050538877776799,7.5076271179355105,8.237711495367668,7.5076271179355105,40.71847381588223,0,0,0,0,0,,3.442675503062822,0.0
single_walled,1,34,3449,1,56.10143590465788,0.8800359602978254,7.49008917868525,7.377063384631041,7.49008917868525,53.74930361134351,0,0,0,0,0,,1.7592279544575582,0.18177666133820508
single_walled,1,35,3550,1,56.615678675223954,3.0469440943093113,7.524339085609045,7.428979142512211,7.524339085609045,100.01263630626576,0,0,0,0,0,,2.033077405933621,0.06554007764329756
single_walled,1,40,4055,1,56.110742732256256,0.7486418324185019,7.49071042907522,7.4078666263987625,7.49071042907522,49.574652407736416,0,0,0,0,0,,1.2304563767839516,0.24937200274035168
single_walled,1,41,4156,1,56.11540307214928,0.6165842952057147,7.4910214972425,7.367235007147348,7.4910214972425,44.99029717193293,0,0,0,0,0,,1.5148581672454546,0.18725736469513588
single_walled,1,42,4257,1,56.12206805506051,0.6535693766411093,7.491466348790503,7.375128528307619,7.491466348790503,46.3199924418242,0,0,0,0,0,,1.158975006641898,0.24548983786252568
single_walled,1,43,4358,1,56.12267204477247,0.6732769404386146,7.491506660530475,7.527023030846623,7.491506660530475,47.013166404618644,0,0,0,0,0,,1.5485116430845727,0.26535738753139987
single_walled,1,46,4661,1,56.103778390036744,0.6204078682739548,7.490245549381992,7.406122942828489,7.490245549381992,45.12957887646403,1,0,1,0,0,,0.8886070819416756,0.25279744233843343
single_walled,1,47,4762,1,56.13800325807329,1.3633873560948795,7.492529830309206,7.391031335030938,7.492529830309206,66.90094670566324,0,0,0,0,0,,1.9715912979273227,0.18109157341858872
single_walled,1,44,4459,1,59.05287959558656,4.793721660120007,7.684587145422098,7.460675425505765,7.684587145422098,125.44664166900124,0,0,0,0,0,,2.7691801094636457,0.0701073304407399
single_walled,1,45,4560,1,56.30898855817039,0.028442788425344236,7.5039315400775335,7.48530446410556,7.5039315400775335,9.662927426756376,0,0,0,0,0,,7.4351406842181,0.19479333181091574
single_walled,1,48,4863,1,56.10206381524176,0.5277903911998729,7.4901310946632815,7.456229772851638,7.4901310946632815,41.62491618857779,0,0,0,0,0,,1.7299413299686859,0.16944507878511075
single_walled,1,49,4964,1,57.15861519388672,3.5974805796189107,7.560331685441236,7.488917662715157,7.560331685441236,108.67305135504795,0,0,0,0,0,,2.038318173798354,0.06828042932176295
single_walled,2,0,22,1,180.84844054678888,7.351182656480624,9.330454072184704,8.022484375804133,9.330454072184704,107.62076509607812,0,0,0,0,0,6.713329765366343,3.5994640230958153,0.05389358300981959
single_walled,2,1,123,1,74.53357829986861,1.3451652483831071,4.660599147774494,7.645783565519857,4.660599147774494,46.96940439205498,1,0,1,0,0,6.514467493505464,0.6761019414357626,0.0
single_walled,2,2,224,1,112.5135483831493,0.010848042687856047,7.5004514605537596,7.76722236542173,7.5004514605537596,3.9081075249496284,1,0,1,0,0,6.737169883814088,0.14864806718584964,0.0997944736241151
single_walled,2,3,325,1,108.9011357077511,1.3596083225334303,7.377842380676507,7.986150929475889,7.377842380676507,45.50357760964703,1,0,1,0,0,7.484654044233552,0.9707722122094904,0.03790819821877141
single_walled,2,4,426,1,112.25371592747692,3.3560519281398977,7.4917860135365455,7.496897160649658,7.4917860135365455,70.45232954261704,0,0,0,0,0,5.542313053641768,6.550008625082617,0.08974651746974195
single_walled,2,5,527,1,112.57984077378293,0.728564529429163,7.502653456619285,7.033519769086215,7.502653456619285,29.529218007744454,0,0,0,0,0,6.689282695873358,1.2389873859833977,0.10641699018040648
single_walled,2,6,628,1,122.80453831660003,5.793979614175341,7.829325292697365,7.701155454054405,7.829325292697365,81.46761894233626,1,0,1,0,0,6.177008832341662,0.08199398160398484,0.031628225622288196
single_walled,2,7,729,1,119.41235121677076,7.2189406639121145,7.7235132454679905,7.406924670085968,7.7235132454679905,96.68108958219173,0,0,0,0,0,6.193421301226104,4.335713636694922,0.1652203699474766
single_walled,2,8,830,1,112.49728479867566,3.2004850007804206,7.499905390916599,7.461660645092896,7.499905390916599,72.45827911734426,0,0,0,0,0,7.84471395978384,2.475601846606798,0.11395295729618635
single_walled,2,9,931,1,133.16792351916567,0.7277772009184995,8.136003187949214,7.88256484418534,8.136003187949214,34.56263071788748,1,0,1,1,0,5.236502459793462,0.48497481864228614,0.06165791276547157
single_walled,2,12,1234,1,115.1162087104533,4.832784664170874,7.586284857364825,7.61218407392934,7.586284857364825,72.9203465993198,0,1,1,1,0,0.10793207464501914,6.528675493700518,0.04007764329755652
single_walled,2,13,1335,1,112.46601441802221,0.9017156393865111,7.498863776094976,7.512751213293706,7.498863776094976,33.47635971571839,0,0,0,0,0,4.445811490469715,1.6021398646712197,0.12445763873030372
single_walled,2,10,1032,1,114.12520298391416,3.315831555975276,7.55391908622266,9.540696172530998,7.55391908622266,66.39225078395698,0,0,0,1,0,1.6740753546493399,6.509231601242621,0.1657912765471569
single_walled,2,11,1133,1,244.24920563935865,4.774995766983329,10.603972896567857,16.46700786291169,10.603972896567857,88.25386890727478,0,0,0,0,0,7.433099398962492,4.47186291598108,0.18314683717743777
single_walled,2,14,1436,1,157.60748987697613,7.66811743715041,8.784561985901684,9.811407670064238,8.784561985901684,100.76280372696387,0,0,0,0,0,4.037407914727491,5.191145589647,0.07296186343914135
single_walled,2,15,1537,1,79.64092098868126,1.9723764153298766,6.166314082771473,12.531159435765364,6.166314082771473,54.86625378657719,0,0,0,0,0,7.297597143188872,3.2725466064079702,0.025919159625485272
single_walled,2,18,1840,1,113.40607012104927,4.273221146266263,7.530044429346908,7.473384828924209,7.530044429346908,77.43689136670845,0,0,0,0,0,9.111094667366478,1.3688101983538508,0.12103219913222196
single_walled,2,19,1941,1,112.7170966719685,1.1941408132904512,7.5072269859854135,7.848666632683166,7.5072269859854135,32.81753151758403,0,0,0,0,0,4.132518596149852,3.6053514111683653,0.05766156656770952
single_walled,2,16,1638,1,98.79677045697477,9.113366386205687,7.008273642008973,9.41727249270108,7.008273642008973,117.34611618396666,0,0,0,0,0,2.069539002042675,2.8273715088082634,0.00959123087462891
single_walled,2,17,1739,1,86.52073519274677,4.166299050354308,6.477093569607186,10.734550788027715,6.477093569607186,62.48797667491965,0,0,0,0,0,2.423723252902725,1.8774572652221804,0.03505366522036995
single_walled,2,20,2042,1,116.23947651840355,5.451553944381997,7.622744011373975,7.778930288077434,7.622744011373975,77.84991627006455,0,0,0,0,0,6.299849396539572,6.888190169691701,0.11817766613382051
single_walled,2,21,2143,1,113.32966911472448,4.288106019223718,7.527521203209988,7.786495327587713,7.527521203209988,77.76411994383525,0,0,0,0,0,6.965170352411087,1.263145159127179,0.1677323589860699
single_walled,2,22,2244,1,112.26794495039562,3.449163255296247,7.492260748352607,8.058654479888293,7.492260748352607,71.4354694040244,0,0,0,0,0,3.179237055247557,1.0910069979589279,0.09945192966430692
single_walled,2,23,2345,1,700.7680077011743,6.991722658016084,18.33909811869892,28.049321489769415,18.33909811869892,107.12568819177585,0,0,0,0,0,6.407443444890025,1.4205763096009423,0.3073761132678694
single_walled,2,26,2648,1,115.97960125508658,5.205164115841439,7.614353222001824,7.455297056391425,7.614353222001824,76.10753927485187,0,0,0,0,0,7.489414618667412,5.104970002283032,0.12822562228819365
single_walled,2,27,2749,1,117.01557578952855,4.234446527723954,7.647786948602317,7.37004196093838,7.647786948602317,76.45395471455559,0,0,0,0,0,7.230250835147525,5.4508622789887795,0.15562913907284767
single_walled,2,24,2446,1,112.49595798718222,0.5884914355179198,7.499858109239549,8.01721406017833,7.499858109239549,30.564533247492818,0,0,0,0,0,5.288183621329077,2.595859686315045,0.107444622059831
single_walled,2,25,2547,1,112.4537211274186,1.9465160943050517,7.498451946257764,7.51844238900345,7.498451946257764,50.04693802040781,0,0,0,1,0,1.3021380397195652,4.365976684941267,0.15208951815482988
single_walled,2,28,2850,1,118.3952767993353,5.797079005849065,7.691420991328133,7.479580650886652,7.691420991328133,87.78006723501265,0,0,0,1,0,5.946749709323604,1.4249721410457725,0.1547156885133592
single_walled,2,29,2951,1,112.59925571415758,5.587498177804877,7.503301013190609,7.456898195878185,7.503301013190609,95.7449149630387,0,0,0,0,0,7.17140260586119,1.776305802333463,0.08746289107102079
single_walled,2,30,3052,1,112.46262479832816,0.3385793732603044,7.498749750466753,7.509677854479368,7.498749750466753,23.523575088972393,0,0,0,0,0,7.191584440733939,1.9028368741718615,0.11201187485727335
single_walled,2,31,3153,1,184.3033239701357,4.608756123628916,9.409935593787251,8.190167128073181,9.409935593787251,83.50289918386468,0,0,0,0,0,4.851720661862514,2.2467226559534423,0.09488467686686458
single_walled,2,32,3254,1,118.63676305947581,7.0456062966020125,7.699083520255215,7.52725415927015,7.699083520255215,103.98137728067036,1,0,1,0,0,7.035275408888115,0.519133025927905,0.12308746289107102
single_walled,2,33,3355,1,112.35235879213715,0.3702778578071408,7.495076256924296,7.884578878068814,7.495076256924296,18.498633226961402,0,0,0,0,0,2.9645930856920515,1.105285317567249,0.14649463347796302
single_walled,2,34,3456,1,112.27213224656184,3.3762938398118836,7.492400118097336,9.561593728930664,7.492400118097336,70.82205689629612,0,0,0,0,0,6.806353958613699,3.4922979915471792,0.0
single_walled,2,35,3557,1,112.22514694656458,1.6776930899760694,7.490832413386276,9.318957008861952,7.490832413386276,50.66507001965967,0,0,0,0,0,6.13304447571401,1.5585387884048514,0.3728020095912309
single_walled,2,36,3658,1,112.6842095375822,0.0913383532855862,7.506137772338898,7.497734634650418,7.506137772338898,10.379800667226316,0,0,0,0,0,7.049992049619977,2.4859544430641023,0.08757707239095684
single_walled,2,37,3759,1,112.25773330376612,0.951320277457625,7.491920055069761,8.408071185410966,7.491920055069761,38.327530080647406,0,0,0,0,0,7.260913076770965,1.153146786848435,0.31559716830326556
single_walled,2,38,3860,1,156.6443019985436,8.148214685470332,8.761104674401947,8.46692515115306,8.761104674401947,110.29432804474358,0,0,0,0,0,7.179037550879652,1.1276378386513657,0.08871888559031742
single_walled,2,39,3961,1,112.66132508253708,1.986304231104653,7.505375293915294,8.240985498286863,7.505375293915294,45.56323318484877,1,0,1,0,0,6.039142718466686,0.4273325612355942,0.07889929207581639
single_walled,2,40,4062,1,93.76162035464765,1.4554335393870041,6.811313340764977,10.968768921924447,6.811313340764977,48.59138433472153,0,0,0,0,0,7.069625630165263,3.9547811956562433,0.25576615665677094
single_walled,2,41,4163,1,112.79013013032862,3.691184751996744,7.509644109165821,7.431140616852623,7.509644109165821,72.52629180624861,0,0,0,0,0,5.62214060693817,2.814201780347482,0.15266042475451017
single_walled,2,42,4264,1,112.43870286451583,0.5072777633265202,7.497953020636448,8.013342694016913,7.497953020636448,25.37138211656582,1,0,1,0,0,1.3023043656367843,0.4427810584144245,0.20369947476592828
single_walled,2,43,4365,1,118.52091274136775,6.01849474261181,7.6957438023735625,7.446177477627687,7.6957438023735625,75.04008412816115,0,0,0,0,0,5.960795712849675,2.73610202616744,0.12879652888787393
single_walled,2,44,4466,1,112.5168718552443,1.6437596494617783,7.500557226057507,7.45161700937008,7.500557226057507,51.91663425139057,0,0,0,0,0,2.0029700235142824,4.839129702002123,0.16042475451016214
single_walled,2,45,4567,1,112.32265481265604,3.180968998053704,7.494086122893895,8.097600693548797,7.494086122893895,68.44140275756432,1,0,1,0,0,5.107741162934365,0.11848299251860211,0.13473395752454898
single_walled,2,46,4668,1,158.48908226090478,6.608008598975984,8.793115334418962,8.163850784467341,8.793115334418962,92.20385445619297,0,0,0,0,0,5.070184082902564,6.703503743091498,0.0734185887188856
single_walled,2,47,4769,1,112.32611133168324,3.5077393337720606,7.494200998544105,8.2372746806203,7.494200998544105,72.31231780886081,0,0,0,0,0,7.469422678335137,2.0777477803214266,0.08426581411281114
single_walled,2,48,4870,1,112.46062534485,0.295330354657113,7.4986818169875455,7.8368983518577995,7.4986818169875455,22.015204945177302,0,0,0,0,0,3.4791552873081866,1.4286497758917793,0.0978533911852021
single_walled,2,49,4971,1,112.30037553157754,3.4025668606047956,7.493342888993059,9.9393558202752,7.493342888993059,71.23940343825463,0,0,0,0,0,4.2967869182134,6.764395078973112,0.13758849052295044
single_walled,3,0,29,1,145.95475049563413,3.286534541809048,6.928185323990436,11.4385082435782,6.928185323990436,57.66163321277904,1,0,1,0,0,6.001490658283575,0.6692258022762977,0.011418131993605847
single_walled,3,1,130,1,237.45068376736995,9.740712319358103,8.80961454495843,8.317028174035372,8.80961454495843,89.11479678327613,0,0,0,0,0,4.009138662583098,4.588478799575014,0.016061505671005557
single_walled,3,2,231,1,259.0555704809388,6.564591844420005,9.065157936874817,9.001335489709446,9.065157936874817,70.08193033857317,0,0,0,0,0,4.245936572481374,3.7011457987228407,0.18109157341858872
single_walled,3,3,332,1,281.68968878636866,9.88400684028167,9.13283094130976,18.288780371629304,9.13283094130976,97.44986447542057,0,0,0,0,0,4.684241983835935,2.4020757287500647,0.3050924868691482
single_walled,3,4,433,1,170.09776813482645,4.209379832386936,7.529710907457056,7.575253150246429,7.529710907457056,46.67459419308341,0,0,0,0,0,6.616543872465731,3.112476545120594,0.16563903478724215
single_walled,3,5,534,1,169.24287210328373,4.138705389458839,7.5109227270419305,7.679144063586015,7.5109227270419305,57.73828969684613,0,0,0,0,0,6.816129016371597,4.043369500877273,0.21473700235974727
single_walled,3,6,635,1,181.28254124797826,3.8846206403738446,7.7641757278774906,7.665903635885126,7.7641757278774906,56.05662096363767,0,0,0,0,0,5.27776605643473,1.9738065385910861,0.21115932100175078
single_walled,3,7,736,1,326.0809322837148,6.91781646405016,9.70283856064602,10.412967451595255,9.70283856064602,84.91565324137942,0,0,0,0,0,1.1513162404013941,3.17802302776888,0.1168455507345665
single_walled,3,8,837,1,168.654982985184,1.312400765601316,7.497881499201551,8.04661919284085,7.497881499201551,32.683088315785525,0,1,1,0,0,0.6915048846598884,2.0354564116748013,0.20468904620537415
single_walled,3,9,938,1,186.7683184389976,0.9155507225430661,7.864493798025823,8.39634327647234,7.864493798025823,25.340558941514207,0,0,0,0,0,6.08577269807769,4.948592707214793,0.27388292608662557
single_walled,3,10,1039,1,213.56530698268375,4.558137327082651,8.35773400869106,7.935570269540276,8.35773400869106,58.31990544399152,1,0,1,0,0,2.833052436876848,0.5389679724149418,0.09477049554692853
single_walled,3,11,1140,1,174.92519004785066,7.240974281937022,7.633637388822078,8.811225416952372,7.633637388822078,72.70246884299125,0,0,0,0,0,4.399209843393588,4.92466963306858,0.12323970465098577
single_walled,3,12,1241,1,235.71639211057425,0.10601429488617473,8.701351945183903,8.421827945523127,8.701351945183903,9.374654864285999,1,0,1,0,0,2.9448425934991023,0.7871194762392806,0.208342848443328
single_walled,3,13,1342,1,236.25326214524625,10.99010992908121,8.748382633800079,8.666431377991884,8.748382633800079,97.22693264635772,0,1,1,0,0,0.502040508240663,5.239240473754584,0.2272969475527137
single_walled,3,14,1443,1,397.49106642391644,4.607375889416392,11.175724855490751,7.985225610492345,11.175724855490751,63.5788938796591,0,0,0,1,0,1.5659297112866102,4.655543710830575,0.12483824313009058
single_walled,3,15,1544,1,179.5261563563365,9.301501998119912,7.728995472015611,8.647190560673891,7.728995472015611,85.41178079837186,0,1,1,1,0,0.37189352647867263,6.835379277407156,0.08122097891451625
single_walled,3,16,1645,1,209.63911194193514,13.716828885316641,7.969382298667284,17.17963903364955,7.969382298667284,100.53397740903794,0,0,0,0,0,6.73945564097689,1.893729834901347,0.12818756184821498
single_walled,3,17,1746,1,162.2433699804227,0.5268258757253527,7.350497991403159,7.701130916464762,7.350497991403159,23.010748557057543,0,1,1,1,0,0.9491973962616961,4.847786820614574,0.04886960493263302
single_walled,3,18,1847,1,168.57549388972535,2.4169882081595957,7.49611734261111,8.840188510311611,7.49611734261111,42.508154194768444,0,0,0,0,0,1.0934806242593351,2.698578392108444,0.2487630357006927
single_walled,3,19,1948,1,165.77500463615056,11.247434904918936,7.372795664031251,10.035974972143663,7.372795664031251,92.45792692006307,1,0,1,0,0,3.992510858494654,0.9461651849332017,0.03897389053817462
single_walled,3,20,2049,1,168.60657428596232,3.4174764920522276,7.496808611426878,7.838573234234462,7.496808611426878,48.542779587717945,0,0,0,0,0,4.909200355914637,3.9410583884314514,0.0580041105275177
single_walled,3,21,2150,1,117.59181092557154,1.133745294674338,5.735740683775702,8.2130411154769,5.735740683775702,29.29388968595661,0,0,0,0,0,6.412562237904409,2.186570520134866,0.14805511151708914
single_walled,3,22,2251,1,157.08637999352788,2.0971230004917385,7.225701071681162,9.452868713040415,7.225701071681162,37.14709383718903,0,0,0,1,0,3.95480792588556,2.28562084132967,0.016670472710664536
single_walled,3,23,2352,1,258.2577693200045,8.996255818066858,9.09540437927764,14.033092056709668,9.09540437927764,92.8757059206029,0,0,0,0,0,1.7135339556385598,1.8592173194920316,0.3154449265433508
single_walled,3,24,2453,1,167.86016650407794,0.23289618227582365,7.480138067687768,7.6212071643070765,7.480138067687768,13.79733687076265,0,0,0,0,0,7.0335612737581465,1.5909881761657108,0.24701225546167313
single_walled,3,25,2554,1,203.0356678681746,10.33405018698318,8.172721950484314,7.910261779621205,8.172721950484314,87.76914371155316,0,0,0,0,0,7.099317739235647,4.720499129647742,0.17827510086016593
single_walled,3,26,2655,1,142.07288597494534,2.6803878510814982,6.809123654316178,12.293607114652206,6.809123654316178,45.15726162036003,0,0,0,0,0,4.1757198957606,1.5962475665552611,0.13678922128339804
single_walled,3,27,2756,1,238.7716199850305,11.616202024511457,8.797315662983811,8.77745677032146,8.797315662983811,99.2036375947085,1,0,1,2,0,3.282541635839749,0.684879967530891,0.15071934231559717
single_walled,3,28,2857,1,201.1176651121868,4.243497474616814,8.133814854166062,8.359825847926066,8.133814854166062,57.08114435370143,0,0,0,0,0,7.414107658783036,1.494742858638166,0.23620309050772628
single_walled,3,29,2958,1,233.75407391737437,6.775190045649785,8.456114734729441,15.43277770814524,8.456114734729441,84.19123979157679,0,0,0,0,0,1.624634884471619,1.3721668551310375,0.28050544264291694
single_walled,3,30,3059,1,6255.448148245127,5.363016302687763,39.55979312992582,32.391121600075415,39.55979312992582,76.52518221518001,1,0,1,0,0,5.698390961647987,0.798340015213006,0.3956002131384639
single_walled,3,31,3160,1,183.65841917453622,3.8897453540997287,7.811591754290621,8.194047114965379,7.811591754290621,56.923435047819375,0,0,0,0,0,7.274145691387509,4.461624127205301,0.22448047499429094
single_walled,3,32,3261,1,169.70499186624923,3.8470648812568746,7.5211063853823745,7.60213748753816,7.5211063853823745,44.10557343810162,1,0,1,0,0,4.351736584407726,0.8553076053820964,0.18976935373372916
single_walled,3,33,3362,1,325.57208582336057,3.793388436047379,9.86461479226496,9.202535084345222,9.86461479226496,61.005868238463336,1,0,1,0,0,6.588306029684594,0.4232374846470882,0.053512978610032735
single_walled,3,34,3463,1,255.2025135829293,12.144105922966808,8.86760857970168,10.242994555888881,8.86760857970168,113.69946767101662,0,0,0,0,1,5.863255215401441,1.7678245608938457,0.21755347491817006
single_walled,3,35,3564,1,185.77646849813348,4.080319645111574,7.852901805477515,8.514739043298409,7.852901805477515,58.165165224778406,0,0,0,0,0,7.388902854528131,4.964935664021462,0.18855141965441122
single_walled,3,36,3665,1,182.8796579312385,1.9470169391394712,7.796557981317232,7.608214321080226,7.796557981317232,43.97988014667073,0,0,0,0,0,2.7603892332284357,2.718152465703492,0.17081525462434347
single_walled,3,37,3766,1,168.66435926526464,4.142508828788723,7.498093018707412,8.008289419918391,7.498093018707412,63.502674944910815,0,0,0,0,0,4.882217729306816,1.863231060333804,0.02070487934840527
single_walled,3,38,3867,1,195.74359087247387,10.53460108971662,8.041350178305516,7.603501052309042,8.041350178305516,83.25662109955158,0,0,0,1,0,4.671293376207746,2.1997275332903006,0.1242292760904316
single_walled,3,39,3968,1,141.00869220128914,3.0574273692065765,6.779706337660194,10.353888497007334,6.779706337660194,53.43904399660795,0,0,0,1,0,4.777634295959179,3.481169926308869,0.18961711197381442
single_walled,3,40,4069,1,229.65371841627783,7.262561613154581,8.652726519573624,7.898855285098518,8.652726519573624,70.13883591670381,0,0,0,0,0,4.444249726603891,2.6466470759949527,0.13587577072390958
single_walled,3,41,4170,1,441.34439192678224,11.693716991276567,11.603416065991219,8.571357752319445,11.603416065991219,113.01843993917912,0,0,0,0,0,3.3055456857023913,1.8702246777866092,0.12620841896932328
single_walled,3,42,4271,1,160.30348744949882,3.5017793856320307,7.305132716554474,7.646587684625483,7.305132716554474,48.61494455365164,0,0,0,1,0,2.511248711611134,3.4554020573141098,0.07398949531856588
single_walled,3,43,4372,1,132.82409320176663,8.549993002563255,6.222271619788889,10.344662564732435,6.222271619788889,93.83352110949511,0,0,0,0,0,3.5045238048911513,2.8945924103309357,0.24731673898150264
single_walled,3,44,4473,1,168.65735785837654,3.4778479464235623,7.4979362446525455,7.313082123678624,7.4979362446525455,48.83444779098114,0,0,0,0,0,4.207674031603113,1.9589136050313438,0.07391337443860851
single_walled,3,45,4574,1,229.58310817044253,10.399233286193503,8.607244183166861,8.063123705652018,8.607244183166861,78.7824126792638,0,0,0,0,0,3.2583549212620437,3.4680716805308536,0.13671310040344067
single_walled,3,46,4675,1,168.66438303950687,1.9001953340041173,7.49809183495,8.530691240008352,7.49809183495,44.479348479510946,0,0,0,0,0,1.5174614942365274,1.5712084475510832,0.20468904620537415
single_walled,3,47,4776,1,178.9907550959784,8.977925142879988,7.718093045067543,8.20099672112984,7.718093045067543,82.9834864291675,0,0,0,1,0,4.943154242768192,1.8248289997518286,0.09294359442795158
single_walled,3,48,4877,1,168.53070660396196,3.512181907658102,7.495124062306142,7.503525818058607,7.495124062306142,48.25165082148806,0,0,0,0,0,7.167436372346327,6.119933557220644,0.23818223338661795
single_walled,3,49,4978,1,195.53674633189166,1.4681908550985412,8.038589697926248,8.405050446321003,8.038589697926248,38.95989366446988,0,0,0,0,0,4.220898723348696,1.2465616404053,0.25165562913907286
single_walled,5,0,43,1,247.2629242252418,10.098508672113633,6.915423864127692,11.258189059862358,6.915423864127692,61.02248384532995,1,0,1,2,0,1.4859554050204227,0.5511729340579843,0.15441881708152547
single_walled,5,1,144,1,296.9017999276753,0.7590840515385251,7.700410878068102,7.947717906824522,7.700410878068102,18.05635453914259,0,0,0,1,0,1.9008771784484617,3.0779681961378875,0.1242292760904316
single_walled,5,2,245,1,393.07292631551695,3.8649080780480953,8.726241153224896,8.716285935471172,8.726241153224896,40.94409996413859,1,0,1,1,0,2.771666355356612,0.16023797005767348,0.3216716145238639
single_walled,5,3,346,1,542.194226162638,8.475121418301029,9.93196693227558,13.04720597947794,9.93196693227558,69.37500749495045,0,0,0,2,0,3.5482856539038194,1.6572812381820021,0.3115779858415163
single_walled,5,4,447,1,348.73420759532735,16.143915082826467,8.060024243167234,8.590315398767318,8.060024243167234,82.69330866189631,1,3,1,3,0,0.0022206282676339602,0.9291717277650389,0.08819365151861155
single_walled,5,5,548,1,334.7382957597662,11.665576016919067,7.987365539158636,9.92705616938817,7.987365539158636,79.9513385389321,0,1,1,2,0,0.5179433469161611,3.981174751466223,0.12879652888787393
single_walled,5,6,649,1,602.2494705927628,9.029843832180244,10.359097241891964,8.908297784358773,10.359097241891964,65.8626672447537,0,0,0,0,0,2.4889504421315416,4.341156082736619,0.1954784197305321
single_walled,5,7,750,1,509.1751844403578,18.56297282152952,9.721489923810715,9.84508977002317,9.721489923810715,102.64815807186615,0,0,0,2,0,1.2663876262127904,1.3187208307901432,0.11413564740808403
single_walled,5,8,851,1,326.80196376513766,12.014273119448744,7.97262868724499,9.938634924332145,7.97262868724499,68.54284009383181,0,0,0,0,0,3.2212232276912744,4.4519639076825825,0.1501712719799041
single_walled,5,9,952,1,395.74797705297163,8.89605585131289,8.558093452046739,13.158791176037816,8.558093452046739,70.02545058355602,0,0,0,1,0,1.7847510723720907,2.5917762302087533,0.2324274948618406
single_walled,5,10,1053,1,467.77781965790973,15.593772080941104,9.218185670920313,9.228166607761974,9.218185670920313,82.19032024353373,0,0,0,1,0,1.6905612458728667,1.99762538221049,0.11911395295729618
single_walled,5,11,1154,1,399.0302203798684,12.6888900163198,8.784907544539033,8.503779340095736,8.784907544539033,76.10288135586892,1,0,1,1,0,2.0603482797654737,0.06923366712726439,0.1634619776204613
single_walled,5,12,1255,1,369.7066735254548,4.019972155265463,8.190140572217679,10.959354729590373,8.190140572217679,50.196742931432524,1,2,1,3,0,0.005204774806859265,0.50859991271782,0.22160310573190226
single_walled,5,13,1356,1,284.37473283259425,4.276313485192056,7.541418926645385,9.004707867156448,7.541418926645385,36.96809310664921,0,0,0,0,0,6.010865081311258,5.245058275989862,0.1853391185202101
single_walled,5,14,1457,1,351.9131565250251,12.948842157052782,7.916794310822934,10.31581399345619,7.916794310822934,72.28041781496066,0,0,0,0,0,3.864429278202302,1.7659996117173464,0.24640328842201417
single_walled,5,15,1558,1,348.288101301525,16.161573716595047,8.105007693062694,13.223097954936566,8.105007693062694,87.17280488591621,0,0,0,0,0,2.8842593066319417,3.4533368741660673,0.14071705868919845
single_walled,5,16,1659,1,367.66119192679827,13.068086904985785,8.537676328517756,10.381199692931439,8.537676328517756,83.63723751606253,0,1,1,0,0,0.8581037460305377,1.1420155743306475,0.22315597168303267
single_walled,5,17,1760,1,371.34025008116225,11.380063050513636,8.213895730853938,16.16761372054134,8.213895730853938,80.01286392920362,0,1,1,0,0,0.8137120175479424,2.111764678114368,0.2728476821192053
single_walled,5,18,1861,1,329.8632934649848,10.719132903179286,8.077581698554084,12.410931180367049,8.077581698554084,74.5266907574224,0,0,0,1,0,1.9656989025012017,2.6425859991930123,0.13409454213290706
single_walled,5,19,1962,1,411.33213192668535,12.371000246877097,8.973641376293875,11.179000688863336,8.973641376293875,81.65609387465868,1,0,1,0,0,3.9316860643989373,0.5028952508616045,0.2841287965288879
single_walled,5,20,2063,1,262.86548578386214,17.66044032289759,6.779841692657177,8.838459632830677,6.779841692657177,96.21920450250329,0,0,0,2,0,1.6499072939047488,1.3645360180861634,0.08819365151861155
single_walled,5,21,2164,1,461.14846347396315,15.141463562428635,9.1637926756468,8.397086166754729,9.1637926756468,77.24347755326265,0,0,0,1,0,1.15978146121471,4.419068991084791,0.15469285224937201
single_walled,5,22,2265,1,367.18216164085675,22.944522548151127,8.334556942602838,11.393116298040182,8.334556942602838,117.49403135750052,0,3,1,0,0,0.007947923695656016,5.686338528168216,0.1089746517469742
single_walled,5,23,2366,1,508.8998115960156,8.17454397160077,9.77438325744792,8.115648093882676,9.77438325744792,66.86501330988983,1,0,1,1,0,3.5023134378766922,0.4790153018620796,0.17428636675039963
single_walled,5,24,2467,1,624.0267021019333,18.98589444356025,10.135737162621846,9.519793490851207,10.135737162621846,100.47287084399765,1,0,1,0,1,4.176646239887918,0.4141141716195489,0.15323133135419045
single_walled,5,25,2568,1,438.61257373342926,6.9326762505691795,8.832256967183021,9.179479278251446,8.832256967183021,55.32070717404575,0,1,1,4,0,0.27460403375069475,3.4068826441405644,0.10029687143183375
single_walled,5,26,2669,1,496.25617047089077,16.861656615206346,9.451731019831984,8.4225611961259,9.451731019831984,80.20612075989467,0,2,1,3,0,0.371635091790476,3.8864707845894273,0.20424754510162138
single_walled,5,27,2770,1,705.5111518623837,3.2816694922731227,10.891962078935112,10.06087035362481,10.891962078935112,43.583981111402224,0,0,0,0,0,4.383080226198444,1.5527388548507923,0.2831240009134506
single_walled,5,28,2871,1,344.1985689894921,9.168534151535688,7.700610929640059,8.452727888828589,7.700610929640059,67.40540995247434,0,0,0,0,0,1.2761510684973114,1.7999992813460506,0.25119890385932864
single_walled,5,29,2972,1,400.1874239002516,9.343997727006302,8.354281541904314,10.135818683911197,8.354281541904314,74.43261448029486,0,0,0,1,0,2.3826087801142455,3.9280418716782535,0.16939940625713634
single_walled,5,30,3073,1,314.1072343629663,3.7002073162667566,7.898204320552148,10.2850195563407,7.898204320552148,46.22796501543324,1,0,1,1,0,2.2878553699752753,0.574719323235302,0.15766156656770952
single_walled,5,31,3174,1,279.05316314538254,2.6244540265903074,7.391723638100352,9.463975566113223,7.391723638100352,39.25041528648992,1,0,1,0,0,3.7801573784551707,0.3276549882157481,0.250057090659968
single_walled,5,32,3275,1,422.1294701297015,5.8273398062082125,8.926374583404547,8.045310109685328,8.926374583404547,51.4318660796657,0,0,0,1,0,3.2287644394371964,2.453593622376955,0.1368805663393469
single_walled,5,33,3376,1,424.5182887673779,23.859796156048365,9.05182929992511,11.288834192261337,9.05182929992511,112.38539454698741,0,0,0,1,0,1.1963695412444997,2.2236272978763445,0.14893811372459465
single_walled,5,34,3477,1,400.80744650752627,3.107400715179625,8.76598561166936,7.806404895254178,8.76598561166936,33.72092481397192,1,1,1,1,1,0.08109135029408591,0.7849096687943337,0.27417218543046357
single_walled,5,35,3578,1,310.2409804384239,9.415105910048908,7.406414247500959,13.236213056385056,7.406414247500959,75.112359119568,1,1,1,2,0,0.7263688486402352,0.2916470617435805,0.18506508335236355
single_walled,5,36,3679,1,319.95122546135735,16.189919929758016,7.958775027023056,11.470846106930052,7.958775027023056,92.4745444038912,1,1,1,3,0,0.4156008432421697,0.9055120180251088,0.0800639415391642
single_walled,5,37,3780,1,408.44136010726294,7.282078640441455,8.888792341234216,8.404586812460831,8.888792341234216,62.02712274402487,0,1,1,2,0,0.8041937608215898,4.5698651225664175,0.2047042703813656
single_walled,5,38,3881,1,574.9518055804999,8.792749763832859,10.026817923032063,9.956440853560427,10.026817923032063,68.74430366676347,0,0,0,1,0,1.0115117545440946,1.1765249840162115,0.17424069422242522
single_walled,5,39,3982,1,1800.2679455158793,13.973836803583128,16.173711690425403,22.075948531985077,16.173711690425403,76.79466439505883,0,0,0,0,0,1.7093174078368993,1.6496385074077031,0.4720712491436401
single_walled,5,40,4083,1,302.642386650376,2.2568091757348645,7.680524806916918,9.012415896425354,7.680524806916918,30.433625097574584,0,0,0,0,0,1.3415409125525033,2.2964898178440727,0.19748801096140672
single_walled,5,41,4184,1,474.82931162602245,4.696218425956951,9.477225444418007,7.925554176090503,9.477225444418007,47.08534170335897,0,0,0,0,0,3.025105833537001,1.5963386803138904,0.15551495775291163
single_walled,5,42,4285,1,278.12482840660107,1.3695519769757194,7.452136091565078,9.67228299419553,7.452136091565078,24.990995675815764,1,1,1,1,0,0.764320995554366,0.8570663150870583,0.23676638501941083
single_walled,5,43,4386,1,6366.175162480139,2.5945906359218633,26.75370987718778,21.10129419726187,26.75370987718778,36.11752391298535,1,0,1,1,0,3.5831482846399214,0.5325056142320647,0.2140671386161224
single_walled,5,44,4487,1,478.90251095225625,11.552388083011499,9.15986578610906,17.59089643046887,9.15986578610906,76.05481011644879,0,0,0,1,0,2.5542124706046327,1.5699990896878768,0.10632564512445764
single_walled,5,45,4588,1,311.18623134987223,2.3531498379617943,7.855928690120687,9.307276152943803,7.855928690120687,34.138065032624155,1,0,1,0,0,1.2930425418876599,0.994521210875725,0.15633706325645125
single_walled,5,46,4689,1,578.7381417981135,11.023032027126238,10.129481720667389,8.59961057285331,10.129481720667389,81.62454281461638,0,0,0,0,0,5.424809085921316,1.7426359471927266,0.18095455583466544
single_walled,5,47,4790,1,555.9787631814504,15.042454716357827,9.955304018482526,18.12801330871582,9.955304018482526,95.29222891589066,0,0,0,0,0,2.634902455563098,2.6047247843670776,0.26508335236355335
single_walled,5,48,4891,1,358.71044604054276,1.9286752138760381,8.394104169686358,7.975095659359547,8.394104169686358,29.555013137371827,1,0,1,0,0,1.9446248318692776,0.9593694506478722,0.2677780315140443
single_walled,5,49,4992,1,7259.948286363929,3.8081202651007593,29.022042392636884,23.36895949007253,29.022042392636884,32.0667761096894,0,0,0,1,0,3.425531425269795,1.5275915382370775,0.30522950445307145
single_walled,7,0,57,1,812.6915798692547,22.830361783117617,10.249378815165304,13.49797704290293,10.249378815165304,97.31516915615069,1,1,1,0,0,0.25452780555935683,0.24589797195207994,0.18438652007960069
single_walled,7,1,158,1,678.0623255686753,12.210743218258372,9.453809687052141,10.694143367606218,9.453809687052141,71.39419179564298,0,1,1,4,0,0.979882481648051,2.978538695824002,0.23632270903337357
single_walled,7,2,259,1,647.069249047796,7.770470794859323,9.231331470410677,9.65083601284809,9.231331470410677,58.7695331799539,0,1,1,0,0,0.7906078974489399,2.222479601159885,0.18797507584901968
single_walled,7,3,360,1,754.7297803904106,6.928666890576804,9.881618615343244,10.473870904391084,9.881618615343244,50.78312228445917,0,2,1,5,0,0.31503573483987535,4.036064567044705,0.327569895279418
single_walled,7,4,461,1,580.7911047576977,21.30093376009912,8.225224645432581,11.873073428995076,8.225224645432581,90.21497216016253,2,0,1,3,0,1.6827035442395175,0.14700885295312888,0.26310638436694617
single_walled,7,5,562,1,671.7212751313976,14.80530660433985,9.387060317930969,9.73849301871314,9.387060317930969,64.57172212723592,0,0,0,1,0,1.8514879773888187,3.5622961318072117,0.22343653149773268
single_walled,7,6,663,1,582.8133987854408,5.868641846477247,8.93071534701728,10.312161579396403,8.93071534701728,45.47786293519231,0,0,0,0,0,4.255089215896646,1.5341262914439568,0.17218543046357615
single_walled,7,7,764,1,600.402738828286,7.925802125772728,9.016281920118459,11.00326653864427,9.016281920118459,57.132591739241,0,0,0,0,0,5.424414616395959,4.095571413613792,0.2967735621309497
single_walled,7,8,865,1,598.8137396576203,12.073983018542206,8.904737385327183,10.592488584654904,8.904737385327183,73.9437754514003,0,0,0,0,0,2.7936210695718606,1.640161657923997,0.3408149283920008
single_walled,7,9,966,1,850.8043233490112,14.893235720551818,10.364617315872414,13.03441248471543,10.364617315872414,81.98490758340913,1,0,1,0,0,2.856682601736874,0.7060027438572448,0.38815124131406387
single_walled,7,10,1067,1,501.73712840451617,14.275275540428161,8.25174338226849,12.146194070494255,8.25174338226849,73.18653174308271,0,0,0,0,0,3.4623370390621253,1.431875741892287,0.2744592698920171
single_walled,7,11,1168,1,470.69380252568743,29.53158469848602,7.645331845594263,10.752557200863427,7.645331845594263,116.01745250304918,0,0,0,1,0,2.371980254412949,1.4330190537514436,0.18376667862851923
single_walled,7,12,1269,1,664.93523029208,9.21747167915049,9.402826803399558,10.898193469062507,9.402826803399558,60.394766240275395,1,0,1,0,0,2.548303619757391,0.3117764962467276,0.3299513913809415
single_walled,7,13,1370,1,809.6921894391064,10.43505718029463,9.941411749778519,12.827551006903072,9.941411749778519,67.10387368197509,0,1,1,0,0,0.32521512464916863,4.698649318093392,0.3305386095977555
single_walled,7,14,1471,1,552.5955724897419,19.970220788781443,8.332003861689575,14.55242168505196,8.332003861689575,96.19955649010214,2,1,1,2,0,0.20111474708627877,0.7036223545038298,0.17658956708968127
single_walled,7,15,1572,1,699.5066306105899,6.656832525151314,9.57091907418659,12.107653324834436,9.57091907418659,51.734917164782175,0,0,0,1,0,1.1408928393021234,6.024070085579842,0.3465239943888037
single_walled,7,16,1673,1,1752.3500893034532,30.66159624199531,14.20781657665879,19.499073130761257,14.20781657665879,115.69601299225168,0,2,1,2,0,0.5168650046996264,3.037911142686218,0.2653900107656673
single_walled,7,17,1774,1,441.2457130921021,6.620266942044427,7.225994980314801,10.646962354439825,7.225994980314801,51.77478377009054,3,0,1,1,0,3.78984507683631,0.012009762141499075,0.22679672462727954
single_walled,7,18,1875,1,1126.0204747473879,20.720968988949863,11.596710970281942,14.37810213839399,11.596710970281942,87.01259807792538,0,0,0,0,0,1.0151558890134773,1.6008516342752408,0.35210256744853685
single_walled,7,19,1976,1,619.8010965003419,24.765783403232064,8.568046689145959,11.199286752591965,8.568046689145959,105.9845636486249,3,0,1,1,0,3.198484208482071,0.31640434732030337,0.19081329723028742
single_walled,7,20,2077,1,554.7622554865324,6.533829339583303,8.65000830753958,10.09233269792339,8.65000830753958,51.5488235466931,1,2,1,3,0,0.025150731614928448,0.8735770706472678,0.3612370730434215
single_walled,7,21,2178,1,508.683122724889,12.092814960271262,8.149733817217925,10.30309365825687,8.149733817217925,74.80276935947073,0,0,0,3,0,1.4639313137859802,1.243368154310109,0.2528626888069683
single_walled,7,22,2279,1,1611.8899424144038,13.979133062191831,14.26548425225963,10.423426414450915,14.26548425225963,68.35240885574565,0,0,0,3,0,2.6888488846678733,1.862069361226068,0.29396796398394937
single_walled,7,23,2380,1,814.7743930308463,28.711236372494,10.331871704705526,16.192240843386347,10.331871704705526,112.32943428847376,1,0,1,2,0,1.9991728370446002,0.7870467379130555,0.2628453984928066
single_walled,7,24,2481,1,1095.77888396535,20.3203198383723,11.797285705381055,14.502525396150372,11.797285705381055,92.31658058405625,0,0,0,0,0,2.861892221966746,1.46867273897808,0.3256451244576387
single_walled,7,25,2582,1,533.2665682415661,17.4409523152473,8.262951631055724,10.099173326369492,8.262951631055724,89.22680069972293,1,1,1,0,0,0.0007536691453239855,0.10011867238126364,0.19789253906632304
single_walled,7,26,2683,1,638.3941251949559,6.049353242466727,9.178288000887308,10.344690541161494,9.178288000887308,51.082172763810505,0,0,0,1,0,1.2409433130061838,3.19123061786495,0.31288943985906764
single_walled,7,27,2784,1,5837.477310675789,11.20406599733551,21.13340807532424,21.853693844670044,21.13340807532424,68.68432317161576,1,0,1,2,0,1.8925742856173473,0.9749403001970365,0.28692134538218117
single_walled,7,28,2885,1,615.4328489581802,13.332942249256385,9.085014274951652,11.920782724589476,9.085014274951652,61.2086128621605,1,0,1,1,0,3.3939766142822765,0.06995558141167392,0.21554170880501092
single_walled,7,29,2986,1,872.8978808661506,5.975919740619077,10.550248741229966,7.737870211342798,10.550248741229966,47.67595572411989,1,0,1,0,0,1.794008045894842,0.5598139033814651,0.24212964473297882
single_walled,7,30,3087,1,589.6703083426388,16.69952789254638,9.013948449746604,11.41924272739804,9.013948449746604,83.83990449860535,0,0,0,2,0,1.4128164842790876,3.91921559965261,0.17486053567350668
single_walled,7,31,3188,1,778.1026444009732,19.73486034311327,10.032643994250034,10.790708608418818,10.032643994250034,90.90534205671977,0,0,0,3,0,1.176927449808849,1.5339211219920625,0.30744135973640424
single_walled,7,32,3289,1,551.3199650828911,7.625213455441593,8.162058341886862,10.993187814781582,8.162058341886862,56.704816786148186,0,2,1,2,0,0.18947071377721678,1.4850168921763243,0.2955991256973216
single_walled,7,33,3390,1,749.4417643282857,22.012754097214195,9.958307097981708,10.868465676130686,9.958307097981708,79.92434762397856,0,0,0,0,0,2.2661873882663968,5.748985986362612,0.2183146837177438
single_walled,7,34,3491,1,877.3240496632023,12.384789701995258,10.371725120500615,13.444956861209995,10.371725120500615,70.6292620150984,1,1,1,2,0,0.9165004335631537,0.9684946277672699,0.18516947770201939
single_walled,7,35,3592,1,775.6368113538209,8.197770220842182,10.027623936217854,9.085562292442118,10.027623936217854,53.000033129584416,0,0,0,2,0,3.739770980806726,1.7112999449663187,0.23961765569438553
single_walled,7,36,3693,1,898.935142647569,4.246053534473493,10.739545945447718,12.94046139130227,10.739545945447718,39.3429078427338,0,1,1,3,0,0.19594712674554504,2.850485735978969,0.3890320686392849
single_walled,7,37,3794,1,766.3320070130308,32.27228135761341,9.986636329654607,11.87413763981812,9.986636329654607,120.42626191198542,1,0,1,1,0,3.013222551068096,0.3016829369136759,0.14954490588196914
single_walled,7,38,3895,1,753.7109917244196,20.59544980677171,9.944791875807246,12.040635800263182,9.944791875807246,89.47334765660842,1,1,1,0,0,0.7157500098153162,0.8000898825384121,0.2281342772322448
single_walled,7,39,3996,1,543.1571035437644,16.711036936372807,8.089945774740839,14.529527899061987,8.089945774740839,86.9712938836915,1,0,1,1,0,2.3769275025651773,0.31796016560493995,0.11483378462140736
single_walled,7,40,4097,1,904.7499797327429,9.49220218300596,10.791894456819561,9.95736154787158,10.791894456819561,47.4172599344714,0,0,0,5,0,1.4197975592034175,4.5575795586489996,0.3104753205232767
single_walled,7,41,4198,1,3109.2325944638155,11.783864971620346,16.73811042534297,18.504083035861267,16.73811042534297,68.45211045971115,1,0,1,1,0,3.0222296858149376,0.6354794523564723,0.41062864972433366
single_walled,7,42,4299,1,1167.8920598158647,17.47841635997981,11.6575136828547,9.57168974615613,11.6575136828547,78.99345376301801,0,0,0,1,0,2.1549729687406365,3.298914313828196,0.28091867027697126
single_walled,7,43,4400,1,861.5188807769076,12.90893853139411,10.426476049850843,10.313894206745605,10.426476049850843,71.05470587625301,0,0,0,3,0,1.034240006086732,2.1582088291575596,0.19378201154862493
single_walled,7,44,4501,1,1115.305193350409,16.444523657831677,11.061251852617684,16.071451644734246,11.061251852617684,82.77533555696489,0,0,0,0,0,2.173540041061189,2.023995749030413,0.2430430952924673
single_walled,7,45,4602,1,647.1808126706477,12.240567941788498,8.83971515160043,14.05525114022379,8.83971515160043,73.18176614199015,1,1,1,2,0,0.7356007995530877,0.8090225631106839,0.1235768114050827
single_walled,7,46,4703,1,590.7666341753983,8.253157519367768,8.844923304727011,9.801195831168659,8.844923304727011,58.95184983180154,0,0,0,3,0,2.149488362606747,1.3525810080471645,0.24741460868430495
single_walled,7,47,4804,1,629.5294394589575,16.535978719688778,8.92154484910874,13.356828981689421,8.92154484910874,83.27263796888272,0,0,0,1,0,1.9505026978488353,1.2875674099678702,0.18644178383844975
single_walled,7,48,4905,1,882.5559345189615,14.709281617805237,10.212173473568045,16.70155620754496,10.212173473568045,76.72204837168536,0,1,1,4,0,0.052818489520505094,2.8391825260621815,0.2625191661501321
single_walled,7,49,5006,1,1131.1902401531584,24.24987602683206,12.074929093136513,8.949028065535199,12.074929093136513,99.1414530631307,1,1,1,0,0,0.07463716119802828,0.044195041631739644,0.24431540142889765
single_walled,12,6,698,1,1567.5110453561183,29.505475133159635,10.549231573956039,13.666060084298392,10.549231573956039,89.56505049180568,2,0,1,4,0,1.1910935194310026,0.35426765409739647,0.34216335540838855
single_walled,12,7,799,1,1457.5067322356588,53.03044327210057,10.312614068316124,14.103128572155883,10.312614068316124,120.13293594378695,1,2,1,1,0,0.1890319320979453,0.3688691616367707,0.2810763492425972
single_walled,12,0,92,1,2577.208129470042,47.09653589932985,13.533475116698094,11.058820299647497,13.533475116698094,97.11066563818564,1,2,1,2,1,0.10963676950108259,0.011979820343063465,0.2712948161680749
single_walled,12,1,193,1,1775.3826723210132,28.616390570790056,11.273320864031893,17.139980506368758,11.273320864031893,87.66219126221374,2,2,1,3,0,0.08831468118854355,0.37394879825676275,0.28889776965821723
single_walled,12,4,496,1,1460.7315666792827,34.80371113792381,10.226683153505109,13.143660329783389,10.226683153505109,90.85725870997736,2,2,1,4,0,0.03796528048742997,0.0619791304451448,0.2583542665753216
single_walled,12,5,597,1,1463.699750203558,36.12879084336042,10.063733209545745,16.984728483211487,10.063733209545745,98.7532482175694,2,2,1,5,0,0.00011009484850733501,0.06236645997899148,0.27515795082591155
single_walled,12,2,294,1,1908.7135568486967,40.31589811687747,11.633541172947348,11.824640526337662,11.633541172947348,100.14465770463879,0,2,1,3,0,0.0001319123663717055,1.3312619809894697,0.2773083656847073
single_walled,12,3,395,1,1492.8310191437822,47.194539772749984,10.600922148665356,14.188560230209909,10.600922148665356,104.88330115438805,0,1,1,10,0,0.00019864698427507268,1.0587546125665128,0.2529687143183375
single_walled,12,8,900,1,2007.548265111972,52.93527101104249,12.04949082568131,12.189989777354459,12.04949082568131,113.86795599572201,1,2,1,4,0,0.010014756357674737,0.7744377454210543,0.30105808023140745
single_walled,12,9,1001,1,1553.5374556768645,28.40586870715013,10.27389549320612,17.858403619887195,10.27389549320612,87.0246442502921,1,2,1,7,0,0.05870198186545676,0.7468532339362602,0.28990637131765246
single_walled,12,10,1102,1,2047.6661453520119,46.57937333877342,11.81891980677406,11.14804295439821,11.81891980677406,98.8820924431983,1,4,1,6,0,0.00058444517696031,0.40931132855359775,0.29591992083428487
single_walled,12,11,1203,1,1632.937749967734,38.02392899702632,10.894509142884536,12.457441738658636,10.894509142884536,100.03655712098777,1,1,1,7,0,0.0004453527488065279,0.04434614957837999,0.2731978381670092
single_walled,12,12,1304,1,1336.6087355578,48.129564312516884,9.86514842078945,16.724326718069452,9.86514842078945,113.23049485062951,1,2,1,6,0,0.0020527932995904282,0.7735414108788516,0.18105351297861003
single_walled,12,13,1405,1,2328.727061979344,32.5623274646296,13.052895368754847,18.155052274797967,13.052895368754847,90.71882329812814,0,1,1,11,0,0.728761793121595,1.7150459789540562,0.35967115779858416
single_walled,12,14,1506,1,2354.6396969653274,27.20876699678792,12.85224561399974,11.44314025923806,12.85224561399974,84.08584000147614,1,1,1,7,0,0.39207106747121945,0.8131034624185572,0.32147750627997257
single_walled,12,15,1607,1,2751.657870598946,31.702977630662218,13.95258031672693,21.153375132732137,13.95258031672693,92.58815854712493,2,0,1,9,0,1.0590674394704744,0.588503815444135,0.2925706021161605
single_walled,12,16,1708,1,1389.5521477391355,37.592070045016776,10.193043401146161,14.338436599133772,10.193043401146161,99.97429549710303,0,1,1,3,0,0.0023538568736967413,1.3559890928498495,0.26826901118976937
single_walled,12,17,1809,1,1518.1015303858362,43.32146366217791,10.444456039441054,18.138677405986748,10.444456039441054,108.54255761628697,0,1,1,3,0,0.13270678222545837,1.7799708087724757,0.20545025500494785
single_walled,12,18,1910,1,6082.533250093943,39.81852034710387,19.445269560423398,25.148331089037207,19.445269560423398,94.3031837078863,1,1,1,5,0,0.44408141420123487,0.6990224940860369,0.2396665905457867
single_walled,12,19,2011,1,1681.7668262996835,36.169330408551374,11.023619907670579,14.571849206738218,11.023619907670579,96.03287193423598,1,6,1,7,0,0.03224276348331157,0.953510488505464,0.27559564588566643
single_walled,12,20,2112,1,2085.8182926867103,36.64292101625717,11.94945567088664,16.3714133635328,11.94945567088664,96.61063305266747,2,2,1,2,0,0.4342775536660783,0.2618220334398295,0.25829717591535356
single_walled,12,21,2213,1,1327.4040104580745,32.270746316632135,9.75184572493427,14.56202725355996,9.75184572493427,91.28088132403036,1,3,1,8,0,0.00010149082708052662,0.25689550007612005,0.33626398721169215
single_walled,12,22,2314,1,1637.10942141866,15.269161755619296,10.744564139968835,11.827015755664219,10.744564139968835,61.61022670629408,2,1,1,6,0,0.22713639974097166,0.41317181338777803,0.4411966202329299
single_walled,12,23,2415,1,1641.136095051227,19.371447820217725,11.096181529226989,12.369379563154439,11.096181529226989,69.17149841923295,0,2,1,4,0,0.11020411058068394,1.2827160943887754,0.33573114105199053
single_walled,12,24,2516,1,1971.3350553869764,29.743774447225505,11.79738941897623,14.599494380872189,11.79738941897623,81.76798080275601,0,3,1,6,0,0.010505096423541348,1.7977559877960059,0.20619243358453224
single_walled,12,25,2617,1,1692.4634090792047,27.828892454293474,11.101216642663019,11.936756589014308,11.101216642663019,85.49631858176741,1,2,1,3,0,0.0043633608227694924,0.12122265684750722,0.322942833219152
single_walled,12,28,2920,1,1545.2877476449755,29.543746201147517,10.483979336961648,11.115057632322788,10.483979336961648,86.10026066935758,1,3,1,1,0,2.8705720823602806e-05,0.3060212682337237,0.22588871127350232
single_walled,12,29,3021,1,1640.720168688247,13.306486927561858,10.649935653290525,11.147142374896543,10.649935653290525,57.39162772860512,2,0,1,6,0,1.510834695735196,0.750228034927135,0.3419920834284844
single_walled,12,26,2718,1,1551.3035891144268,21.429492309179714,10.567915462584534,11.884574535450765,10.567915462584534,73.96966770443053,2,2,1,3,0,0.01983526130602779,0.02655070910340756,0.36016594351830705
single_walled,12,27,2819,1,1575.7313308031953,22.286576625283015,10.498752344034212,11.264984843529732,10.498752344034212,73.49488229397711,4,1,1,3,0,0.000547226751307784,0.2596298169252416,0.33181091573418586
single_walled,12,30,3122,1,2398.1830388930757,28.99121001748287,12.920962042652901,20.984042005798294,12.920962042652901,87.70708917995431,1,3,1,13,0,0.13926471669177867,0.985261217103146,0.2829413108015529
single_walled,12,31,3223,1,1587.7855854134707,30.662647869598764,10.667729471176001,12.664555086508145,10.667729471176001,89.6269395858688,1,2,1,2,0,0.14263190034437273,0.7595957953547943,0.32075435792037754
single_walled,12,32,3324,1,1516.6579105610936,20.82771908310935,10.742391131530988,11.845249447087388,10.742391131530988,73.67442719126929,2,1,1,8,0,0.8186025648527153,0.006008564815925368,0.3110489457258126
single_walled,12,33,3425,1,2498.572619060709,12.89773653347593,13.29324280212213,11.085439622506664,13.29324280212213,57.951951723597666,1,0,1,3,1,1.2353422129905975,0.5590646186378099,0.3514310725431986
single_walled,12,36,3728,1,2281.0037953666288,32.430015724554345,12.603772261574179,19.571353116061758,12.603772261574179,91.4070746749852,0,3,1,6,0,0.4623557349791657,1.2925178909499246,0.32716754205678616
single_walled,12,37,3829,1,4959.889546712183,53.65305718895961,15.5137388605644,18.245750662648348,15.5137388605644,117.90471093363472,0,0,0,1,0,1.3009733323829409,1.820721490165577,0.2559945192966431
single_walled,12,34,3526,1,1560.3008495963431,29.484617082317484,9.899375655263034,10.710381530088172,9.899375655263034,88.09918540269695,3,2,1,2,0,0.0004499384936878557,0.08507144783088597,0.34408540762731216
single_walled,12,35,3627,1,1626.0286608123345,12.382976497166391,11.018126302221615,11.388961996676214,11.018126302221615,55.07846430042908,1,1,1,2,0,0.3697516995045525,0.08862687561415675,0.31496917104361727
single_walled,12,38,3930,1,1514.3109230679652,28.033744288094,10.257245280719753,18.272464244915927,10.257245280719753,85.33314846207465,2,3,1,2,1,0.0007050934697455051,0.43292527979861883,0.30267564893050164
single_walled,12,39,4031,1,3384.6629029084393,37.99712023077276,15.295807689268678,21.237043834186714,15.295807689268678,96.10842133173462,0,0,0,5,0,1.1021139032287828,1.9052866396808044,0.29314150871584077
single_walled,12,40,4132,1,2344.2922072376628,37.22503812139659,13.014065312857172,19.398978818869402,13.014065312857172,99.38857838191304,0,1,1,1,0,0.39467715929198594,1.5113391337971676,0.2343952196087387
single_walled,12,41,4233,1,1605.522648283638,29.514702083290626,10.736109261382142,13.447163447520854,10.736109261382142,88.83758546795538,1,1,1,4,0,0.08173330126636885,0.9756311188891369,0.26800258810991856
single_walled,12,42,4334,1,1474.9653332202229,30.135591634755297,10.31343090603303,14.203566143466364,10.31343090603303,84.99847643756858,0,0,0,2,0,1.9727505065664184,1.677662855375086,0.39280277080003045
single_walled,12,43,4435,1,1856.0816933031467,37.0549184490947,11.26130532651834,13.763047996446096,11.26130532651834,94.15759444187773,1,1,1,4,0,0.12270474275660838,0.9182744219525744,0.32290477277917334
single_walled,12,44,4536,1,1316.4080892082088,31.461653051242262,9.650054934005583,13.720681611500735,9.650054934005583,91.0959078813043,0,3,1,1,0,7.399894920069635e-05,1.3511001251337733,0.29578670929435946
single_walled,12,45,4637,1,3011.9294454501915,46.363809502741795,14.053996508926735,21.747476292873507,14.053996508926735,111.28338314548368,1,1,1,5,0,0.07902054742341648,0.18659404101275678,0.2484204917408845
single_walled,12,46,4738,1,1692.7769342638846,35.80110068790788,10.97776004035739,16.526620508850502,10.97776004035739,98.02959116381066,1,2,1,1,0,0.38236187000373084,0.6359129609696293,0.20297632640633326
single_walled,12,47,4839,1,1487.393520779506,32.68786341227449,10.240824406053934,16.25617065438823,10.240824406053934,92.25887477663561,2,3,1,4,0,0.07347000784109403,0.19523714794052807,0.25744081601583313
single_walled,12,48,4940,1,2016.542975181658,40.451123921202985,11.946486053840651,17.64266358515539,11.946486053840651,99.7228835788308,1,1,1,3,0,0.8309438602811137,0.08468337971505707,0.25732663469589706
single_walled,12,49,5041,1,1496.6260410190825,24.018482565412523,10.28753093283475,11.495714779096785,10.28753093283475,78.94725102804973,2,1,1,8,0,0.23747914357007693,0.6594104514617504,0.3694526908731065
single_walled,20,0,148,1,6212.384604420423,57.04378969852827,15.914606079341258,21.644370402994323,15.914606079341258,94.95080167904098,0,5,1,9,0,0.00013101292685221419,1.4118601105104118,0.3375542361269696
single_walled,20,1,249,1,7610.933371642918,88.98528187711817,17.23422097222005,21.72641113720864,17.23422097222005,120.24006833551667,1,7,1,19,0,6.916756988343293e-05,0.7072958439114784,0.2753596711577986
single_walled,20,2,350,1,12298.211056202552,49.23865037475802,18.093239927698217,17.681864533361875,18.093239927698217,83.77238800196552,0,8,1,12,1,0.0007275455206020522,1.377048339806249,0.4681091573418589
single_walled,20,3,451,1,3029.684031524796,43.2324676217828,11.25740805998949,14.332426352542964,11.25740805998949,83.53670487022023,4,7,1,11,0,0.00024591166968232036,0.13770132697596826,0.397682119205298
single_walled,20,4,552,1,3586.794703378666,50.33622995412189,12.496126608118937,16.859118110209312,12.496126608118937,88.85389500043905,1,1,1,9,0,0.0010358019678586674,0.6061515392229869,0.4576615665677095
single_walled,20,5,653,1,3406.1070491965106,51.88168186688459,11.763447193439172,16.12781249991595,11.763447193439172,89.996439153014,0,9,1,7,0,3.933486390467894e-05,1.3720806561584544,0.3603105731902261
single_walled,20,6,754,1,3736.358114174613,50.71552519672123,12.778272270876368,18.102530566920173,12.778272270876368,89.63465571408648,0,12,1,7,0,8.6830644763913e-05,3.056818022008461,0.4111440968257593
single_walled,20,7,855,1,2886.1717693874166,10.629271442525901,11.048077868726322,12.829772343975801,11.048077868726322,38.69325191983704,1,9,1,21,0,0.0013512635038904477,0.258951918319929,0.4134962320164421
single_walled,20,8,956,1,5847.548471881433,80.79069214880758,15.622752906319372,22.41162015684169,15.622752906319372,113.76229874069975,1,4,1,17,0,0.18569042290947055,0.7928268749825002,0.33823932404658597
single_walled,20,9,1057,1,4013.7038852955006,23.985262180126313,13.051965833018937,12.674516748442574,13.051965833018937,60.915264179611086,0,5,1,19,1,0.00042829259664014206,1.161203246218457,0.4374743092030144
single_walled,20,10,1158,1,4491.346099306963,47.69032240260232,13.628166518156139,19.17582054580299,13.628166518156139,87.45608324503978,2,8,1,9,0,0.005227279982974725,0.6771265031358336,0.3550468143411738
single_walled,20,11,1259,1,2990.9285809857743,59.28474603190667,11.199806284607217,17.456563324700582,11.199806284607217,97.1866556644196,2,10,1,22,0,0.00010429262251604304,0.2038085288210889,0.356314226992464
single_walled,20,12,1360,1,3624.6826698622463,63.34677016560834,12.471417664705987,18.264727004401113,12.471417664705987,97.87197774437134,2,8,1,6,0,0.00023338751496106182,0.6159024250544358,0.3233158255309431
single_walled,20,13,1461,1,3813.482438540831,36.54997470970279,12.267400965666855,13.041413575735676,12.267400965666855,75.6001016978524,4,9,1,17,0,0.0006094073500662034,0.03368877395359802,0.3827814569536424
single_walled,20,14,1562,1,2976.5602222190787,31.038856974628764,11.055175024882166,14.58695725834851,11.055175024882166,70.37421842666411,2,7,1,29,0,0.0003105872636776433,0.17139256396460958,0.354258963233615
single_walled,20,15,1663,1,3357.867047015492,54.21589914526778,11.887571244981505,14.731940639570306,11.887571244981505,88.49587464437946,0,8,1,19,0,0.0001527582010070992,1.9040197799494831,0.4301096140671386
single_walled,20,16,1764,1,3358.299701179565,52.54398976478796,11.92847122234275,19.148676905129292,11.92847122234275,89.80872064826238,2,9,1,16,0,0.0020867018339152496,0.1486443291804825,0.3219228134277232
single_walled,20,17,1865,1,3203.0629940074996,59.4565437831767,11.68013319462125,13.121920710557813,11.68013319462125,91.27552153245205,0,13,1,34,0,0.0013096800971224528,1.6171904702349835,0.3428865037679836
single_walled,20,18,1966,1,4346.887505581171,49.78348347068947,13.359670169109057,20.444851149033727,13.359670169109057,89.74803557719125,1,8,1,21,0,4.7394214459587385e-05,0.312794925216129,0.37448047499429093
single_walled,20,19,2067,1,3939.821470013881,43.86927537859297,13.032687712760719,16.88986382869853,13.032687712760719,83.40298716350279,1,10,1,31,0,2.994494103728955e-05,0.0451330026308895,0.36860013701758393
single_walled,20,20,2168,1,3709.30104026809,59.86208303254087,12.482793563009066,14.44812422004194,12.482793563009066,96.95119559063498,3,6,1,10,0,5.833687222178436e-05,0.48468668777475904,0.39263530486412423
single_walled,20,21,2269,1,5869.26024574596,84.04877489892685,15.042862972251308,20.3918670445315,15.042862972251308,115.7173491844087,4,5,1,18,0,0.20756536652400662,0.007160482623505797,0.3263073761132679
single_walled,20,22,2370,1,4503.71732625244,65.67923832593198,13.787051396197961,13.341279870382795,13.787051396197961,101.17819927100693,0,4,1,10,0,0.0008782537221798426,1.0670633065331505,0.3808632107787166
single_walled,20,23,2471,1,4880.338883928601,47.31239677214383,13.90612252737452,18.21957519433556,13.90612252737452,87.25196017366189,1,3,1,9,1,0.04078311751146891,0.5930079907145244,0.3833523635533227
single_walled,20,24,2572,1,4324.15219373582,76.74519283443537,13.559333454396674,14.953728751455573,13.559333454396674,111.5894664337487,0,5,1,10,1,0.00488503904389153,1.18417787427852,0.3634962320164421
single_walled,20,25,2673,1,4103.712585554441,42.959938852984614,13.026240340670252,14.639203550357783,13.026240340670252,82.01516974073857,2,8,1,17,0,0.000283274156398937,0.6369716988925008,0.3975907741493492
single_walled,20,26,2774,1,4588.277498635109,36.89324646133439,13.942648134494823,19.880404240372258,13.942648134494823,77.01779122759237,0,5,1,13,0,0.00015453235187264818,1.086141501471047,0.3801096140671386
single_walled,20,27,2875,1,4147.807905969373,47.551686939225526,13.108664923680536,18.37514044117246,13.108664923680536,86.1438606561467,2,2,1,7,0,0.00019498109082009173,0.258523136997624,0.3888673213062343
single_walled,20,28,2976,1,4541.868768869069,59.522129783967266,13.76075495491185,18.268008452735874,13.76075495491185,95.97193771566354,1,4,1,13,0,0.0008250249235952756,0.25095323785624085,0.36324503311258277
single_walled,20,29,3077,1,5667.655661318269,45.12113674676735,14.970805288785993,18.576112369386742,14.970805288785993,84.66640004275646,0,3,1,12,1,0.0011871955068096546,1.2424698950261803,0.3736583694907513
single_walled,20,30,3178,1,9488.274568743753,73.53611121501652,19.73085170096416,25.481552336015717,19.73085170096416,109.18187745235397,1,6,1,10,0,2.9303134621233144e-05,0.40197772150721867,0.32917332724366294
single_walled,20,31,3279,1,3649.2489179869117,59.9422508500215,12.365637321315988,14.69850075337567,12.365637321315988,95.81349775475331,3,6,1,8,0,0.00045588247080003975,0.6517451687504255,0.3603790819821877
single_walled,20,32,3380,1,4507.106282530867,42.888935907296485,14.02782808396304,14.916535944946867,14.02782808396304,81.3221082979144,2,9,1,12,0,0.002182635912704219,0.41090630964130165,0.42585065083352364
single_walled,20,33,3481,1,3976.6901861857336,71.3351962815757,12.981466254075931,18.519912937689483,12.981466254075931,107.39613343238875,0,5,1,18,0,0.2550033787676622,1.0203342118839427,0.33873030372231105
single_walled,20,34,3582,1,6341.193563510873,35.68421881575643,15.763577402823643,20.056108789223444,15.763577402823643,74.31386149116683,1,4,1,5,0,0.0001030064870456511,0.12315346385582851,0.45206668189084265
single_walled,20,35,3683,1,3830.197014060694,59.22148087489921,12.795968957458708,17.164529857950633,12.795968957458708,97.45031113190842,1,5,1,9,0,0.00023329308133096687,0.8322980565691281,0.3789335464717972
single_walled,20,36,3784,1,4398.11057052699,63.89221356105051,13.18689169702255,17.39794056826262,13.18689169702255,99.59677650341125,1,9,1,9,0,0.00020324233754973137,0.9955441470020578,0.37709522722082667
single_walled,20,37,3885,1,3959.083130893736,85.00390249626226,12.730266211995374,14.496612363074977,12.730266211995374,115.72028959371278,1,7,1,9,0,0.0003691722165583318,0.7939695874062139,0.3663165106188628
single_walled,20,38,3986,1,3665.6823536773363,50.26461358458595,12.164398614108222,17.82287403844364,12.164398614108222,88.42080473212168,3,6,1,8,0,0.0004365024761141332,0.267433747186454,0.37460607444622057
single_walled,20,39,4087,1,4484.912559978368,48.07152049259618,13.454249285987586,19.931464098375557,13.454249285987586,86.58114738021033,3,6,1,19,0,5.236532191366374e-05,0.4378486565992161,0.41358757707239097
single_walled,20,40,4188,1,6797.848946406211,53.36779623232046,15.92371888378077,21.397476328079133,15.92371888378077,89.47039197119366,1,4,1,13,0,0.2200040947737618,0.20178140724649218,0.37100936286823477
single_walled,20,41,4289,1,5903.052297207963,51.981355327056136,15.531340141384977,13.189359254618543,15.531340141384977,90.81047787907974,2,6,1,15,1,0.005002728393465672,0.02901702088222004,0.40637131765243206
single_walled,20,44,4592,1,4057.0476785278956,49.85971924086395,13.242656960235001,16.485748878886422,13.242656960235001,89.79172831782192,0,7,1,7,0,0.00600716406937041,1.1609604462478056,0.3586549440511532
single_walled,20,45,4693,1,8238.591416096324,48.762773083738075,17.757586220618812,22.71725130178694,17.757586220618812,88.01684516583843,0,7,1,23,0,0.10467393714156771,1.1018390010683514,0.3799269239552409
single_walled,20,42,4390,1,5157.043662830098,78.7225410631724,14.271501160498989,21.12946142538371,14.271501160498989,111.23459683792635,2,5,1,11,0,0.003914529565807434,0.4146712038631084,0.3904772779173327
single_walled,20,43,4491,1,5321.053122774074,71.59319226184462,14.8123715438889,17.582217728794333,14.8123715438889,106.52586794040458,0,5,1,14,0,0.03518407690513252,1.518929825980071,0.41245718200502396
single_walled,20,46,4794,1,4076.0097887858046,26.774672584140735,13.174132209051297,14.175028895682178,13.174132209051297,64.25545051408224,0,5,1,17,0,0.007407049239143419,2.452019225631378,0.4236012788307833
single_walled,20,47,4895,1,7215.378567731158,70.80409689727927,16.323971859750635,21.408040869201173,16.323971859750635,106.29448382357468,3,9,1,8,0,0.009152999075393162,0.37232432096927803,0.3731102991550582
single_walled,20,48,4996,1,7876.164797204005,85.91569334379054,18.07644262242706,26.932416720417375,18.07644262242706,118.39037538978421,0,4,1,5,0,0.0008725371604436451,1.5949364224389642,0.3775633706325645
single_walled,20,49,5097,1,3782.904707653054,38.928326375757834,12.509725116527365,13.462518824559368,12.509725116527365,77.15461691567951,0,9,1,23,0,0.00042301218878020914,2.0105920790529273,0.3501027631879425
